date,trend_name,archetype,platform,velocity,fatigue,retention,sentiment,hashtag_diversity,cross_platform_spread,influencer_count,engagement_rate,content_originality,velocity_drop_rate,fatigue_acceleration,retention_risk
2025-01-12,#BookTok,viral_crash,tiktok,0.015755364820843422,0.10455702350266265,0.10297356255139073,-0.21696205477632552,0.0,0.0031446319918384622,703,0.08222894118783683,0.2823926153862808,0.0,0.0,0.0
2025-01-13,#BookTok,viral_crash,tiktok,0.16694774668040482,0.26230531699831133,0.17445036943245829,-0.02976980498474882,0.09154144667880065,0.13578488454547172,1452,0.07346051493322117,0.40219885330771415,0.0,0.0,0.0
2025-01-14,#BookTok,viral_crash,tiktok,0.3103246211711137,0.17977495436721713,0.24562449859126867,-0.260755236228683,0.11933877016127921,0.039212609832866216,2477,0.08189259739778383,0.5105022211833092,0.0,0.0,0.0
2025-01-15,#BookTok,viral_crash,tiktok,0.29262991213009226,0.1858582985836584,0.3730612098251661,0.07953755129403957,0.303616655638855,0.054697157004487955,3938,0.11322840243838822,0.5256042095888358,0.2357225147898824,0.0,0.0
2025-01-16,#BookTok,viral_crash,tiktok,0.5165695524178968,0.1519281504269131,0.3646741892267396,0.6340447135897551,0.5929671419708318,0.09527843313680723,5716,0.12363946636572658,0.5311939662898557,0.3820972488875186,0.0,0.0
2025-01-17,#BookTok,viral_crash,tiktok,0.7572985763801576,0.1751752605012116,0.7779075958197386,0.6748220556000861,0.7449630676988548,0.20357020644252075,7575,0.1367165660421368,0.7003018094078151,0.5261422424423718,0.0,0.0
2025-01-18,#BookTok,viral_crash,tiktok,0.7338908393226118,0.22884046434474437,0.877095729830391,0.9084773864100912,0.9441174792966045,0.3038353050906002,9058,0.18072038532651924,0.6943381954039048,0.6014677157791664,0.0,0.0
2025-01-19,#BookTok,viral_crash,tiktok,0.841987102419851,0.37043574741581137,0.9213923459801328,1.0,0.8995225604132292,0.31759619493326446,9985,0.1832799306499377,0.7175398743756112,0.5415692442370922,0.0,0.0
2025-01-20,#BookTok,viral_crash,tiktok,1.0,0.4254090103345691,0.9435063292141721,1.0,0.8009251123500989,0.45914233810893673,9950,0.1746394112980006,0.7507398842194157,0.31878224228415697,0.03333333333333333,0.0009157136464749739
2025-01-21,#BookTok,viral_crash,tiktok,0.6571188313132306,0.49252983969905634,0.7921623672868543,0.8644865484889892,0.8347744678895495,0.42428559761449014,8761,0.15233661871722312,0.6307959866227223,-0.04197722334707599,0.06666666666666667,0.015105770576834838
2025-01-22,#BookTok,viral_crash,tiktok,0.5858420178888714,0.4306893042326823,0.5584298147637834,0.46026680500787964,0.6294831861108522,0.4626715274167239,6890,0.12326883172907482,0.5150717716228164,-0.40971803308418453,0.1,0.05328082240782088
2025-01-23,#BookTok,viral_crash,tiktok,0.4070876666926758,0.7335839773130732,0.4386040359887877,0.3887258724652255,0.44441001408603015,0.31167814871145844,4704,0.07458070552597793,0.5041259404135967,-0.6414325972780368,0.13333333333333333,0.11056828746557269
2025-01-24,#BookTok,viral_crash,tiktok,0.060803764240702496,0.6030725324099887,0.3280814807772274,0.17537980691471716,0.6871005071045375,0.28479739876580906,2871,0.07452588352415879,0.4245444654242301,-0.6534318648563955,0.16666666666666669,0.17389606495383617
2025-01-25,#BookTok,viral_crash,tiktok,0.0008479830257137472,0.8174017757208576,0.12429139387232768,-0.11401408065329346,0.6760572962280011,0.22224392050007208,1526,0.04296072368706974,0.26222316533345286,-0.5057970161823651,0.2,0.23301089886123302
2025-01-26,#BookTok,viral_crash,tiktok,0.026292755624426095,0.795758796500493,0.163143157090963,-0.5714183593026361,0.656406876022995,0.14964832285513432,729,0.033992597901485296,0.19185555921050487,-0.31320282123717924,0.23333333333333336,0.2848453259255962
2025-01-27,#BookTok,viral_crash,tiktok,0.0,0.7341995740960234,0.18054396089368346,-0.5225122534507709,0.5607422376225204,0.03378488318231262,292,0.04175190650319773,0.18725128950093323,-0.15856094122250097,0.26666666666666666,0.33108735100030484
2025-01-28,#BookTok,viral_crash,tiktok,0.1245387281053773,0.763323316817097,0.06003260262188949,-0.2963316423270818,0.5646281265980907,0.01545808656171166,112,0.018264400859231162,0.05,-0.0663313635379607,0.30000000000000004,0.3743906096185848
2025-01-29,#BookTok,viral_crash,tiktok,0.0,0.857725370698675,0.13174315518167376,-0.4246490994942851,0.5096114915165098,0.0,70,0.03881445695167336,0.05,-0.023059363846432153,0.33333333333333337,0.41652996244876983
2025-01-30,#BookTok,viral_crash,tiktok,0.1555185807331976,0.9152427616269195,0.09134190127936423,-0.4277826253327501,0.5453078644196881,0.04062861489177692,50,0.029537495872317406,0.05,-0.00668249539965329,0.3666666666666667,0.4583079180169269
2025-01-31,#BookTok,viral_crash,tiktok,0.0,0.9332619178790317,0.2477540968276653,-0.06634212505168854,0.5120182261720583,0.0474872405728462,10,0.034069311014912285,0.11260939070656423,-0.0016171954003387336,0.4,0.49999607719161576
2025-02-01,#BookTok,viral_crash,tiktok,0.0,0.874970973142844,0.07529064595761929,-0.49529150427305313,0.47991467457878645,0.0,10,0.01,0.05,-0.00032716087375264267,0.43333333333333335,0.54166616332335
2025-02-02,#BookTok,viral_crash,tiktok,0.0,0.9094693226198199,0.09890689843894035,-0.32874518540047293,0.39177223300044495,0.059358492050154026,10,0.031879565655787055,0.05,-5.5359463423831376e-05,0.46666666666666673,0.5833332795873285
2025-02-03,#BookTok,viral_crash,tiktok,0.0,1.0,0.09802431074346984,-0.15023153302692832,0.21555625961320873,0.0,10,0.01,0.07172162592614074,-7.837969282658901e-06,0.5,0.6249999952203213
2025-02-04,#BookTok,viral_crash,tiktok,0.0,1.0,0.24264699304290768,-0.3597103613879096,0.3084080506460063,0.0,17,0.013129493807465512,0.05,-9.287178260940136e-07,0.5333333333333333,0.6666666663124174
2025-02-05,#BookTok,viral_crash,tiktok,0.11179183016116302,0.8533489314960668,0.22399930216149516,-0.38711444118356564,0.2712274034463012,0.001278585014395067,10,0.03738601055497686,0.05,-9.21051001581776e-08,0.5666666666666668,0.7083333333114401
2025-02-06,#BookTok,viral_crash,tiktok,0.0,1.0,0.06781107378820223,-0.1898043623639204,0.23141025731272993,0.02963037774082718,10,0.016138168507439942,0.05,-7.645980850874015e-09,0.6000000000000001,0.7499999999988712
2025-02-07,#BookTok,viral_crash,tiktok,0.10295349093042007,1.0,0.11792679747220414,-0.07563145702597154,0.19871835129732907,0.03697030733055107,10,0.01,0.05,-5.313123632384408e-10,0.6333333333333333,0.791666666666618
2025-02-08,#BookTok,viral_crash,tiktok,0.0,1.0,0.22365069605211357,-0.3628684318341252,0.24349824338364023,0.0,16,0.01754041476051304,0.05,-3.090609411159769e-11,0.6666666666666667,0.8333333333333316
2025-02-09,#BookTok,viral_crash,tiktok,0.04891328202158121,0.8510582177401315,0.23949831451552406,-0.4024275233969381,0.09610407376146561,0.0237515682140702,10,0.02698293497544834,0.05,-1.5049492250294204e-12,0.7000000000000001,0.8749999999999999
2025-02-10,#BookTok,viral_crash,tiktok,0.0,1.0,0.10229530432901746,-0.21562421180751587,0.09338769233157172,0.037081930265395524,10,0.018672336940797982,0.05030372062757324,-6.134605484079216e-14,0.7333333333333334,0.9166666666666666
2025-02-11,#BookTok,viral_crash,tiktok,0.005162621319712134,1.0,0.1325115758069994,-0.20276249122235107,0.16963518733463234,0.05947147133730789,37,0.01,0.05,-2.093343860333571e-15,0.7666666666666667,0.9583333333333334
2025-01-13,Mannequin Challenge,slow_burn,tiktok,0.0,0.07650097845805505,0.22787387286279476,-0.45893291766156624,0.058373198048739354,0.0,1417,0.07463950223527151,0.24375929895105497,0.0,0.0,0.0
2025-01-14,Mannequin Challenge,slow_burn,tiktok,0.0,0.0430477262596341,0.15454265579597043,-0.23043670297286914,0.03294894289474435,0.0,1791,0.0878298743890166,0.26584474458807006,0.0,0.0,0.0
2025-01-15,Mannequin Challenge,slow_burn,tiktok,0.022716717947421167,0.11054102036706698,0.059965789444990564,-0.16553523436757311,0.04725119012660103,0.0,2097,0.08019654893428274,0.30666013678036225,0.0,0.0,0.0
2025-01-16,Mannequin Challenge,slow_burn,tiktok,0.06977936256786274,0.12594352740749373,0.12683676293455595,-0.2543917289610924,0.0,0.0,2412,0.07696386659958501,0.29861040194442234,0.019947532430802037,0.0,0.0
2025-01-17,Mannequin Challenge,slow_burn,tiktok,0.06716892686407813,0.1902355193680711,0.21952282219014874,-0.24448072494453352,0.12018494006790723,0.0013539301576532305,2874,0.06809143372908484,0.3973564602176495,0.024496743927053855,0.0,0.0
2025-01-18,Mannequin Challenge,slow_burn,tiktok,0.04572832578830838,0.12253046479984478,0.07346932205502223,-0.18281748042190654,0.07697650406730219,0.0,3379,0.08276179372325101,0.42408732574364616,0.029798828583187505,0.0,0.0
2025-01-19,Mannequin Challenge,slow_burn,tiktok,0.08541379240794611,0.06864595903328147,0.1282359103348415,-0.13688157464749065,0.0,0.09005189204198058,3891,0.08686896706196948,0.33452000407372456,0.03590228274888617,0.0,0.0
2025-01-20,Mannequin Challenge,slow_burn,tiktok,0.09619146399367587,0.07431017591362107,0.20014129616215817,-0.14994307223141473,0.1503788683220713,0.062115046238555446,4532,0.08596493171564104,0.32221206340049935,0.0428383556438625,0.0,0.0
2025-01-21,Mannequin Challenge,slow_burn,tiktok,0.09262609826194708,0.11936213967499908,0.19442252365714846,0.04317091761707362,0.22171374427253457,0.06662028102522041,5141,0.07692689471517353,0.396480715896519,0.05061530821809409,0.0,0.0
2025-01-22,Mannequin Challenge,slow_burn,tiktok,0.10415686853459535,0.11593640591659858,0.2833678469649702,-0.35664438026718537,0.14799509208767755,0.10022551539359237,5855,0.0957662559987097,0.4259737833080247,0.059212535057758045,0.0,0.0
2025-01-23,Mannequin Challenge,slow_burn,tiktok,0.160892756228554,0.07392855932229855,0.22046977084318747,0.0028417395519270833,0.16415866894293873,0.08089056681428719,6699,0.09418869776217262,0.38420716559489093,0.06857489259056204,0.0,0.0
2025-01-24,Mannequin Challenge,slow_burn,tiktok,0.17273079639057567,0.17979967704749825,0.3029986508877102,-0.07523103335978282,0.3177643835108925,0.03435446857071746,7481,0.09691237453717638,0.40915615760603735,0.07860764199687914,0.0,0.0
2025-01-25,Mannequin Challenge,slow_burn,tiktok,0.3501663082208459,0.16969470715104087,0.2908736949265405,0.0012972141002150148,0.25824486029707183,0.12400338453351163,8364,0.11052095205421311,0.3823492756374063,0.08917246191735348,0.0,0.0
2025-01-26,Mannequin Challenge,slow_burn,tiktok,0.1870223916772472,0.1682714802561772,0.38397983753232734,0.04968277299770695,0.2990527975740438,0.10905497608516301,9337,0.10231044080492352,0.5387629115118778,0.10008500592268502,0.0,0.0
2025-01-27,Mannequin Challenge,slow_burn,tiktok,0.3020164478281454,0.11186626154189046,0.3162570647046291,0.14670061960318784,0.35199147391017505,0.18682200966905174,10410,0.12255388398194582,0.5744253032950561,0.11111446527486396,0.0,0.0
2025-01-28,Mannequin Challenge,slow_burn,tiktok,0.34288826263404737,0.10496507409241221,0.39278371374463744,0.18958778401495957,0.4062271341926065,0.19756550552610821,11415,0.11450704273387777,0.5538506303810536,0.12198554308391799,0.0,0.0
2025-01-29,Mannequin Challenge,slow_burn,tiktok,0.39215311527803276,0.16504773240952852,0.4589310539176407,0.3825635420974012,0.3779589847844639,0.2757307116373306,12474,0.12862962625439328,0.580848809489865,0.1323831486769776,0.0,0.0
2025-01-30,Mannequin Challenge,slow_burn,tiktok,0.463835182975473,0.08360134096234254,0.5376655619185846,0.4111436762101754,0.546833454035979,0.37345512439673134,13647,0.11905008053150815,0.679331241426692,0.14195998162606177,0.0,0.0
2025-01-31,Mannequin Challenge,slow_burn,tiktok,0.4443431606365394,0.052712521168899504,0.5286617651332741,0.4863630024795536,0.6084635846916908,0.3072930272665022,14695,0.1380114668356804,0.5273179750661533,0.15034699844495747,0.0,0.0
2025-02-01,Mannequin Challenge,slow_burn,tiktok,0.6198845128139633,0.1997327922601544,0.6026948159221215,0.47543332462166865,0.649974337500555,0.38948848603477726,15846,0.12946961230648563,0.5603708886378779,0.15716655092462473,0.0,0.0
2025-02-02,Mannequin Challenge,slow_burn,tiktok,0.5984854922442338,0.17665704685682984,0.7120646065230427,0.5346039217063957,0.6253749716100333,0.3848632713262373,16963,0.14191679576146954,0.6088069181190708,0.16204776706557766,0.0,0.0
2025-02-03,Mannequin Challenge,slow_burn,tiktok,0.6123828604612178,0.10656690789737688,0.7016048158689329,0.6067159889012993,0.7887976127824524,0.40273304979139407,18021,0.15166511239149638,0.5881085276351489,0.1646435306068585,0.0,0.0
2025-02-04,Mannequin Challenge,slow_burn,tiktok,0.6250367712454572,0.11146355404725178,0.8146201521262807,0.9027358900077255,0.8480660783768327,0.49977877142425187,19051,0.16357181780811522,0.5339858000386698,0.16464822236535281,0.0,0.0
2025-02-05,Mannequin Challenge,slow_burn,tiktok,0.6385288460179632,0.2557691340623871,0.8243558425844664,0.8814747591141172,0.9251784225041149,0.5364584618335817,19971,0.1482025088877779,0.518422677256307,0.16181523549946497,0.0,0.0
2025-02-06,Mannequin Challenge,slow_burn,tiktok,0.772502562542633,0.25050798717281775,0.7571981235860977,0.8759307164601347,0.9349987785506504,0.5575087497980483,20886,0.17227991023591313,0.6271484990516117,0.1559731853293016,0.0,0.0
2025-02-07,Mannequin Challenge,slow_burn,tiktok,0.7800003936638842,0.20286782562695,0.9152088780831277,1.0,0.9249128949017886,0.607108294163117,21669,0.1656455871092747,0.554509513803842,0.14703971679477035,0.0,0.0
2025-02-08,Mannequin Challenge,slow_burn,tiktok,0.8937839447586701,0.13638078958823724,0.8621891781387746,0.992676161636039,0.8589327931659304,0.661194462290291,22379,0.19486589979586555,0.5442793499458146,0.13503187784539006,0.0,0.0
2025-02-09,Mannequin Challenge,slow_burn,tiktok,0.888231407640721,0.17272426074136382,0.8702827907100963,1.0,0.8791597005779241,0.7252656381700272,23030,0.18782834022518602,0.5615627845482672,0.12007217693476269,0.0,0.0
2025-02-10,Mannequin Challenge,slow_burn,tiktok,0.8796365986868814,0.25707795825794316,1.0,1.0,0.8729260897628924,0.7904637432662953,23421,0.19093465565007658,0.6514075573605417,0.10238967149606615,0.0,0.0
2025-02-11,Mannequin Challenge,slow_burn,tiktok,0.9509261179716854,0.3100559492102846,1.0,1.0,0.8559473600242494,0.7394077095578956,23784,0.18361107481670935,0.6669718607696346,0.08231572817902777,0.0,0.0
2025-02-12,Mannequin Challenge,slow_burn,tiktok,0.9677200557549108,0.25545299932059906,1.0,1.0,0.8219136291515144,0.8029204137502168,24034,0.18791131569049174,0.5182644789640902,0.06027443414441014,0.0,0.0
2025-02-13,Mannequin Challenge,slow_burn,tiktok,1.0,0.3525532924034831,1.0,1.0,0.8048189856138998,0.8021379954115064,24039,0.1771823469278051,0.5772045133041557,0.03676799591559421,0.0,0.0
2025-02-14,Mannequin Challenge,slow_burn,tiktok,0.9437051116376739,0.472735746983699,0.9453407643772784,1.0,0.9300943796755009,0.8314248406884251,24037,0.17592347439837625,0.46492527087517094,0.013394609050784823,0.025,9.74025184243936e-05
2025-02-15,Mannequin Challenge,slow_burn,tiktok,0.9346342519286455,0.34296700534688407,1.0,1.0,0.9415401112573469,0.8876195935589903,23884,0.18126953035453794,0.5202601275868115,-0.008255673305315403,0.05,0.0007755846073483202
2025-02-16,Mannequin Challenge,slow_burn,tiktok,0.9851788717270965,0.507743093182502,0.9965125286198641,1.0,0.9641989875359068,0.878151433579671,23624,0.1716606163804431,0.5391437562269801,-0.02770471899243765,0.07500000000000001,0.0025973174055410296
2025-02-17,Mannequin Challenge,slow_burn,tiktok,0.9923684055945654,0.4124347245833073,0.9528188491979884,1.0,0.9359272860042837,0.8746111336349468,23245,0.18150972595347856,0.5350294209832694,-0.04560420197678372,0.1,0.006090135320795539
2025-02-18,Mannequin Challenge,slow_burn,tiktok,0.9119881080748795,0.5357724468457115,0.841982464209918,1.0,0.6677262545376834,0.8970666905255966,22747,0.14327328118295715,0.5047488326594183,-0.06266664393972032,0.125,0.011730624633952101
2025-02-19,Mannequin Challenge,slow_burn,tiktok,0.927922671104734,0.4461188378628285,0.8783321986493454,0.9762096490077853,0.7076254325629668,0.815839271803174,22277,0.17184609043471774,0.5054707828611509,-0.07859331830480942,0.15000000000000002,0.019930881993233826
2025-02-20,Mannequin Challenge,slow_burn,tiktok,0.8927159294256151,0.5510836514476822,0.8375953536919494,1.0,0.7656679427125798,0.8729490420168765,21628,0.1401798919943579,0.3820189480680367,-0.09311972760242992,0.17500000000000002,0.03102767722442374
2025-02-21,Mannequin Challenge,slow_burn,tiktok,0.7804324869691652,0.5293954732828076,0.8444055224333685,0.9437406305993423,0.5359529031209098,0.8631303763689925,20969,0.13710726005876808,0.3882170176698898,-0.10602284011702512,0.2,0.04527470944357964
2025-02-22,Mannequin Challenge,slow_burn,tiktok,0.6684739834627778,0.634104663085636,0.7963403086546716,0.8474305831086717,0.5493149111296838,0.8564408882354485,20152,0.15438704540797513,0.4300344591962497,-0.11712661222679543,0.225,0.06283818267863696
2025-02-23,Mannequin Challenge,slow_burn,tiktok,0.7578855274317717,0.6357102556807825,0.6937852791239731,0.727478852428613,0.5027785342821773,0.8785950299954486,19399,0.14882069571695788,0.360553091405402,-0.12630561389054862,0.25,0.08379575751854465
2025-02-24,Mannequin Challenge,slow_burn,tiktok,0.6202991561105039,0.6688244537470773,0.7007752830672227,0.7985315958056094,0.43388181180878144,0.7390110119945557,18477,0.13980344069253983,0.333287252807281,-0.1334866727953361,0.275,0.10813876925831879
2025-02-25,Mannequin Challenge,slow_burn,tiktok,0.5795843987653326,0.6281498848352657,0.6971048098524399,0.5320668119048113,0.46274898793995556,0.734221476196245,17583,0.11923234696116569,0.35921063432355405,-0.13864855175888535,0.30000000000000004,0.13577745048109796
2025-02-26,Mannequin Challenge,slow_burn,tiktok,0.5417483033063513,0.6993814655608529,0.6809465188031041,0.6328963442954972,0.5048806544172799,0.7204309595091715,16688,0.10862311613581058,0.36474884643315014,-0.14181976806959296,0.325,0.16654876555238018
2025-02-27,Mannequin Challenge,slow_burn,tiktok,0.5539588744837658,0.8018013472402592,0.5170672583264686,0.6018699907052301,0.4756529724325233,0.7346192190298291,15669,0.07786454873538182,0.40410022035315124,-0.14307474711573898,0.35000000000000003,0.20022636273735972
2025-02-28,Mannequin Challenge,slow_burn,tiktok,0.4844490925038653,0.8275112287468024,0.49668194581718605,0.6492569159964265,0.491416027832938,0.6288872516241792,14710,0.08185085834462252,0.30395271221698505,-0.1425285714253564,0.375,0.23653208095700828
2025-03-01,Mannequin Challenge,slow_burn,tiktok,0.3914181857567366,0.7634239629742465,0.4931239064625662,0.4027098432617252,0.4011429927289142,0.6772586017305792,13732,0.07441458441192067,0.25800197321972196,-0.14033063685135855,0.4,0.27514841449014715
2025-03-02,Mannequin Challenge,slow_burn,tiktok,0.3301245840834035,0.7428813022393541,0.44018904838723316,0.35667082824934837,0.34969971326730054,0.6174085996264422,12760,0.08253703342808044,0.2800184399494926,-0.13665755822087794,0.42500000000000004,0.31573133970020684
2025-03-03,Mannequin Challenge,slow_burn,tiktok,0.46156368809878967,0.8473098613313134,0.44529445145893837,0.23914209086984714,0.44336502745146,0.6526840743802167,11871,0.09105193904913086,0.2062273433661515,-0.13170567688266605,0.45,0.3579229403949096
2025-03-04,Mannequin Challenge,slow_burn,tiktok,0.3177988689796012,0.8619085694921196,0.3676812764946407,0.14354049883632522,0.4595134287748385,0.624453765795633,10978,0.06252380864234316,0.2545830505108416,-0.12568351315613036,0.47500000000000003,0.40136332814350223
2025-03-05,Mannequin Challenge,slow_burn,tiktok,0.2558297775617376,0.866387876164443,0.309135835896434,-0.07655248212577764,0.24235040353956733,0.5129331145189555,10005,0.06476420165246985,0.22465558474583577,-0.11880447983221154,0.5,0.4457014348365519
2025-03-06,Mannequin Challenge,slow_burn,tiktok,0.21146159827469352,0.9614754267923679,0.3330629262855785,0.1575181286479329,0.28706462932628407,0.4572388776548291,9196,0.047399168206050696,0.3452909471325718,-0.11128013167401957,0.525,0.49060435020513654
2025-03-07,Mannequin Challenge,slow_burn,tiktok,0.15927515830132832,0.8672032906314876,0.17674971370395287,0.2802910168213869,0.2554566762841348,0.4192376473852738,8367,0.04873161899967584,0.18795670267993206,-0.10331417404201859,0.55,0.5357649798726798
2025-03-08,Mannequin Challenge,slow_burn,tiktok,0.13576007447373079,0.8726543173063432,0.31314353159720676,-0.08195821988558796,0.2214390576278455,0.44935293066759374,7567,0.018332250785471273,0.16434017833275005,-0.09509739538499123,0.5750000000000001,0.5809079029949972
2025-03-09,Mannequin Challenge,slow_burn,tiktok,0.13083628612624493,0.8799633897844226,0.2223390170690711,-0.11319589480090664,0.31889785627518136,0.43653867906812527,6796,0.041069907831493814,0.11873481507577985,-0.0868036274702925,0.6000000000000001,0.6257934065514468
2025-03-10,Mannequin Challenge,slow_burn,tiktok,0.20867593439120666,0.9217412879698439,0.23615718693251003,-0.06981729387828935,0.21341317264974233,0.3145545944111315,6121,0.03632982103960037,0.09998187685064164,-0.07858677768088415,0.625,0.6702197608275996
2025-03-11,Mannequin Challenge,slow_burn,tiktok,0.11338796728438748,0.9528538134045077,0.18172922082759105,-0.10213866142209782,0.19214724000653577,0.3208060436753126,5540,0.03749062508324001,0.16665001561513398,-0.0705789227822175,0.65,0.7140238737983746
2025-03-12,Mannequin Challenge,slow_burn,tiktok,0.04121389206344979,0.9737160053218498,0.15533887123825552,-0.15968041889334192,0.08297267555891916,0.35142858657416526,4899,0.03228510062095583,0.16074680180646284,-0.06288940588145507,0.675,0.7570805185828554
2025-03-13,Mannequin Challenge,slow_burn,tiktok,0.0817078934873106,1.0,0.11871736814598796,-0.08351556976962796,0.09615095411712532,0.25544350603960286,4387,0.019758027026780284,0.05,-0.055604839708749035,0.7000000000000001,0.799300366872067
2025-03-14,Mannequin Challenge,slow_burn,tiktok,0.0,0.9929925506408195,0.17676495792053173,-0.26538277475336275,0.10447116790315705,0.21528370152273743,3856,0.043209826518540814,0.14057372314160543,-0.04878989088050607,0.7250000000000001,0.8406270824624918
2025-03-15,Mannequin Challenge,slow_burn,tiktok,0.040273444459616115,1.0,0.20376610383822769,-0.09847738846324249,0.04954093672683259,0.28517322581727383,3335,0.029553194345550045,0.08657773777629034,-0.04248870171805022,0.75,0.8810337340638447
2025-03-16,Mannequin Challenge,slow_burn,tiktok,0.03772820101532744,0.9769910372486075,0.14171619153694365,-0.22511720784338823,0.01476295233657042,0.20895351187935918,2976,0.028370043949540995,0.05,-0.03672679806405956,0.775,0.9205187775186318
2025-01-13,#OOTD,controversy_spike,tiktok,0.0,0.0,0.19657753097535313,-0.1657981689616477,0.048604427598990196,0.0,3796,0.09558893470203213,0.32124668206537205,0.0,0.0,0.0
2025-01-14,#OOTD,controversy_spike,tiktok,0.0,0.01721186238319744,0.30823305526442074,-0.19502862973553317,0.04734103483937114,0.0396924768140717,4948,0.10242254192558568,0.30071573344206426,0.0,0.0,0.0
2025-01-15,#OOTD,controversy_spike,tiktok,0.03642081915331903,0.09540635494795421,0.09493557362577694,-0.5648185240156274,0.08893128344432967,0.0,6527,0.07321676046512678,0.32686963440982797,0.0,0.0,0.0
2025-01-16,#OOTD,controversy_spike,tiktok,0.12984874330156296,0.13824912138235343,0.18839534537908356,-0.07004194912212253,0.1402025925205202,0.0,8421,0.05742035763308462,0.4558445850971639,0.054869184112992436,0.0,0.0
2025-01-17,#OOTD,controversy_spike,tiktok,0.1569816658065155,0.23308977405575348,0.17205115197676685,0.12981547780397318,0.13169566456862233,0.063574406314991,10615,0.07319342629220045,0.3293958638719139,0.074132385436074,0.0,0.0
2025-01-18,#OOTD,controversy_spike,tiktok,0.1304818134467867,0.1760895914159074,0.2966201155917342,0.05439679317183171,0.1715312076902115,0.05138430281412373,13244,0.10344844907552056,0.44975539540478754,0.09738835594528154,0.0,0.0
2025-01-19,#OOTD,controversy_spike,tiktok,0.19205722806918166,0.0,0.19176191885633376,0.1715576255457286,0.2653831707013851,0.06114705340732246,16151,0.10135781982381675,0.5492726147684158,0.12431971751730551,0.0,0.0
2025-01-20,#OOTD,controversy_spike,tiktok,0.21627235435600317,0.07230615219430739,0.29370473533281827,0.18311753043093798,0.283646548694321,0.12964049849315398,19501,0.10775646640890645,0.4814258896493891,0.1540820939750509,0.0,0.0
2025-01-21,#OOTD,controversy_spike,tiktok,0.2304132529291545,0.20701231833522715,0.44440067536874306,0.41939443662953224,0.4305427761464972,0.15438084710218372,23066,0.11465662352751815,0.5628745843959613,0.18522329887590686,0.0,0.0
2025-01-22,#OOTD,controversy_spike,tiktok,0.45972856594760514,0.13644491173340612,0.5016725966920944,0.4869344133668025,0.513530252845753,0.18766258543315445,26799,0.11193836690077928,0.5882639474881861,0.21567198391102743,0.0,0.0
2025-01-23,#OOTD,controversy_spike,tiktok,0.551368605653166,0.02666086304943803,0.5015104091159786,0.9707412455798732,0.6539973031414003,0.294974001751242,30647,0.13152834029056149,0.6153551468731735,0.24282132363994546,0.0,0.0
2025-01-24,#OOTD,controversy_spike,tiktok,0.5294124355444161,0.10402313141073832,0.6283376660802247,0.8601883006651092,0.7882420960028903,0.21598077175266248,34456,0.13327762696861614,0.6721301038222587,0.2637215047622301,0.0,0.0
2025-01-25,#OOTD,controversy_spike,tiktok,0.7230131430134774,0.36218940964447466,0.8287911640082455,1.0,0.8398801882702802,0.30721039278796225,38074,0.1382706456223819,0.6691001134546427,0.27537614243504477,0.0,0.0
2025-01-26,#OOTD,controversy_spike,tiktok,0.8424849489836969,0.1485654017975049,0.692163465437682,1.0,1.0,0.3870972071532328,41488,0.1621631114104853,0.62099608629464,0.2751150931640072,0.0,0.0
2025-01-27,#OOTD,controversy_spike,tiktok,0.9384751117934318,0.1322365634441554,0.859513331256425,1.0,0.8391326681514537,0.4172538762410345,44345,0.16930296871108177,0.6452812389793884,0.26099420693325415,0.0,0.0
2025-01-28,#OOTD,controversy_spike,tiktok,0.8891700307997423,0.2792350970770792,0.8289260043223149,1.0,0.941799130630486,0.4266316730651083,46599,0.16490835856101696,0.6219600733422327,0.23215705282945787,0.0,0.0
2025-01-29,#OOTD,controversy_spike,tiktok,0.8421207606502563,0.1946400851333012,1.0,1.0,0.8616132395761625,0.5002889785887011,48241,0.18387872908104916,0.682524364013615,0.18908972775278032,0.0,0.0
2025-01-30,#OOTD,controversy_spike,tiktok,0.9257373214983822,0.1525077507256788,1.0,1.0,0.8957343666576615,0.6334050269837647,49081,0.19480448941757245,0.5777783999974572,0.13371051808705336,0.0,0.0
2025-01-31,#OOTD,controversy_spike,tiktok,0.8110746350945557,0.24786982431972737,0.9241882665198946,1.0,0.8301535825279719,0.60165536214872,49089,0.17766422030335066,0.6214647058987023,0.0698593913688288,0.0,0.0
2025-02-01,#OOTD,controversy_spike,tiktok,0.9203193744076572,0.12106951364741092,0.9049480733932707,1.0,0.9707841531167387,0.6463874068710775,48362,0.18375119321580308,0.5682441765849391,0.005270367890548022,0.024242424242424246,0.0006475269874277298
2025-02-02,#OOTD,controversy_spike,tiktok,0.8452290441165885,0.2327656842981103,1.0,1.0,0.8179882383282353,0.6462112271725923,47143,0.1862851600559277,0.644534837300827,-0.05523996191912439,0.04848484848484849,0.003529422207015236
2025-02-03,#OOTD,controversy_spike,tiktok,0.8617805333092541,0.27437960410736434,0.9023074369275849,1.0,0.9242541643379377,0.6898331902774424,45234,0.16033948739611145,0.5141993982986099,-0.10855127555655397,0.07272727272727274,0.010086217987197475
2025-02-04,#OOTD,controversy_spike,tiktok,0.9090921024901163,0.45290969114377366,0.8775630194064484,1.0,0.9379205668770361,0.6706445021416253,42889,0.16711428478289153,0.6077677912529598,-0.15530310242416812,0.09696969696969698,0.02141472642536766
2025-02-05,#OOTD,controversy_spike,tiktok,0.8508694215091205,0.26940758052523994,0.6762641456367702,1.0,0.7414348296758742,0.660023851197178,40098,0.16926690684290543,0.5374457281492573,-0.19380021157961025,0.12121212121212122,0.03818722393869116
2025-02-06,#OOTD,controversy_spike,tiktok,0.6817446667380949,0.39296499563421605,0.9199709159515163,0.8865337050180585,0.6452413118491825,0.662022675247611,36964,0.11026957743198623,0.4202680205215076,-0.22247485733705008,0.14545454545454548,0.06062241003567678
2025-02-07,#OOTD,controversy_spike,tiktok,0.5942934338217376,0.3929254689634151,0.6524198696731301,0.89849534607883,0.657208117800845,0.6559813296574188,33649,0.1279167330454194,0.4640801044638291,-0.24058025461672727,0.1696969696969697,0.08850794646612344
2025-02-08,#OOTD,controversy_spike,tiktok,0.4756286972283813,0.5735384417459567,0.3127185449349419,0.5789948249732718,0.6575618065554878,0.5508590470682823,30200,0.1106893752386078,0.4453833764406915,-0.24819068047104104,0.19393939393939397,0.12126699599185518
2025-02-09,#OOTD,controversy_spike,tiktok,0.4478647740869436,0.5902111186759847,0.3660797675169787,0.6565551718519413,0.544921574474406,0.5583335401226026,26762,0.1000337393065218,0.4510334205535891,-0.24611425191210695,0.21818181818181817,0.15805568375681706
2025-02-10,#OOTD,controversy_spike,tiktok,0.29569841342716563,0.8319109277204699,0.520400969149855,0.6420700687240408,0.6635237807598038,0.540944767015194,25375,0.08379311013877849,0.31687949699022194,-0.19394231828537645,0.24242424242424243,0.18521032300345058
2025-02-11,#OOTD,controversy_spike,tiktok,0.46030580090288026,0.8329507460845136,0.44105332480444165,0.09724821796125388,0.6189015759602184,0.6107439709510339,28259,0.09517573525537548,0.4123011166361974,-0.04532707785399415,0.26666666666666666,0.18185114544013228
2025-02-12,#OOTD,controversy_spike,tiktok,0.587530537388333,0.5240063411207345,0.7132992458279096,0.46303002480332134,0.5298683733336637,0.7069781230279786,30980,0.11539326584120749,0.4246984019608701,0.09811026158553177,0.29090909090909095,0.1750644529173809
2025-02-13,#OOTD,controversy_spike,tiktok,0.4888045952731357,0.635265871293462,0.548743737006589,0.7210309972567015,0.48413574002646337,0.7246115577033727,33495,0.1021443676659919,0.3283812251919881,0.18890887385556465,0.3151515151515152,0.16635477262805118
2025-02-14,#OOTD,controversy_spike,tiktok,0.5285140058994658,0.6864901477388552,0.555454692965079,0.5064026813721543,0.444731196610867,0.786529416941035,35538,0.10674861001226787,0.35871078198923406,0.17389275382170138,0.3393939393939394,0.1576742289388405
2025-02-15,#OOTD,controversy_spike,tiktok,0.4957117564583192,0.8898964596982123,0.6580940325202669,0.5039979076176877,0.5161116337293998,0.7216325064742535,37015,0.10467749988997448,0.41525133416220367,0.1486208964770509,0.36363636363636365,0.15127561320261207
2025-02-16,#OOTD,controversy_spike,tiktok,0.7932424448399393,0.8964730256617445,0.6688814521191172,0.5469527048494522,0.35773767240805265,0.8206428965842444,37956,0.12363858310408918,0.4412367482721644,0.11393539105917372,0.38787878787878793,0.14950293381655688
2025-02-17,#OOTD,controversy_spike,tiktok,0.7208993174139907,0.8687523325544654,0.7031638318820269,0.9376837193167353,0.3251393857927559,0.817955934148515,38253,0.11243587061786793,0.3152408250989145,0.0716606824986954,0.4121212121212121,0.15454545454545457
2025-02-18,#OOTD,controversy_spike,tiktok,0.7555200578731354,0.8955787295829384,0.6819320331309967,0.6490889532263074,0.37160712138286683,0.7823222455240656,38006,0.09918993628612471,0.28404143990782094,0.024456548049097915,0.43636363636363634,0.16819080054362653
2025-02-19,#OOTD,controversy_spike,tiktok,0.47495165351003754,0.8644752368306774,0.77329677901846,0.8685215458633218,0.33642223780676,0.7326486429871056,37049,0.09122231421355648,0.31625904742203326,-0.024456548049098248,0.4606060606060607,0.1916157767233088
2025-02-20,#OOTD,controversy_spike,tiktok,0.6366816432275149,0.8575492017241028,0.6975785701797548,0.7089365608556149,0.3737315304811278,0.7665964447957784,35464,0.08494713542077766,0.3305294087831963,-0.07166068249869573,0.48484848484848486,0.22524889848405805
2025-02-21,#OOTD,controversy_spike,tiktok,0.3864427815078034,0.965255870997258,0.5273390754464792,0.2122587928146161,0.23293821644760337,0.7375448326948263,33449,0.08275188391477743,0.2716447908934526,-0.11393539105917394,0.5090909090909091,0.26872694039915984
2025-02-22,#OOTD,controversy_spike,tiktok,0.6074546844982739,0.9260794550110985,0.36198103224759937,0.18562305047947703,0.2741166091400337,0.6951407787222889,31058,0.07499334091003554,0.2871720861416394,-0.148620896477051,0.5333333333333333,0.32095149701519854
2025-02-23,#OOTD,controversy_spike,tiktok,0.4225173331759671,0.8985740718441271,0.45951795673233914,-0.3813350228914849,0.3714192122813501,0.6863774879919992,28316,0.0683880442950112,0.3008745866586562,-0.17389275382170144,0.5575757575757576,0.38023421319300416
2025-02-24,#OOTD,controversy_spike,tiktok,0.3504393138104003,0.9919035973365472,0.5081439438583771,-0.0846449585855954,0.25120750542077525,0.5660605461133653,25358,0.06943811492865683,0.3169093559223214,-0.18890887385556465,0.5818181818181819,0.44450477520828163
2025-02-25,#OOTD,controversy_spike,tiktok,0.29862351738209053,0.9012236323642615,0.5207018607865099,-0.1746075478197793,0.14195028759588058,0.6247934904453821,22325,0.06935842786157816,0.19235077247198418,-0.19381473971304963,0.6060606060606061,0.5115469585120056
2025-02-26,#OOTD,controversy_spike,tiktok,0.25758131852581545,0.8493960131144563,0.5514324535538522,-0.21513262819405266,0.15331597880491976,0.43941375960227635,19428,0.057966625037947514,0.25561306138844075,-0.18961862289794917,0.6303030303030304,0.5792264708993032
2025-02-27,#OOTD,controversy_spike,tiktok,0.17988571179781226,1.0,0.20695843549355658,0.20872036336566036,0.1667902080760757,0.4374928688230316,16548,0.05040272764330997,0.11195524051628422,-0.17796998575007145,0.6545454545454547,0.6456796786321025
2025-02-28,#OOTD,controversy_spike,tiktok,0.27739513696786167,0.9536553362324359,0.13327558802246303,-0.27879126907897733,0.11749251443031566,0.4596423235906151,13898,0.033253376082730546,0.21886077257624642,-0.16088688332224524,0.6787878787878788,0.709442676352321
2025-03-01,#OOTD,controversy_spike,tiktok,0.24843156230695634,1.0,0.19100917257189712,-0.46571433681394336,0.16132053748857328,0.4060963851577965,11374,0.01,0.11298775621686072,-0.1404804072650593,0.7030303030303031,0.7695127735763262
2025-03-02,#OOTD,controversy_spike,tiktok,0.037215555164640396,0.9880548867880113,0.11237256046329254,-0.4774518677837739,0.13755772337250358,0.39234707582450934,9289,0.03752727164407182,0.13374127959454332,-0.11871702981261752,0.7272727272727273,0.8253464377037056
2025-03-03,#OOTD,controversy_spike,tiktok,0.003349749557882191,1.0,0.046097105486900186,-0.7898335397007648,0.01106006814163088,0.32681508885105803,7328,0.01,0.11762459109563449,-0.09724610129026401,0.7515151515151516,0.8768067898575472
2025-03-04,#OOTD,controversy_spike,tiktok,0.0,1.0,0.22843275411214714,-0.6144781990262417,0.10674047117458099,0.18403472522444947,5806,0.036930698769719515,0.07795893618797028,-0.0773036745987695,0.7757575757575759,0.9240786822615032
2025-01-27,Tide Pod Challenge,algorithm_killed,twitter,0.02591346317251892,0.1437764927474236,0.13809542332454822,-0.4164699447905469,0.0,0.0,473,0.0770605457252259,0.1515239521665103,0.0,0.0,0.0
2025-01-28,Tide Pod Challenge,algorithm_killed,twitter,0.0,0.05633406334009505,0.1787375462520553,-0.3008620909396296,0.07131226151632011,0.04513958594419814,802,0.07358087705497675,0.20569408738100126,0.0,0.0,0.0
2025-01-29,Tide Pod Challenge,algorithm_killed,twitter,0.033666122232251336,0.14489931491610042,0.16686177912702246,-0.1908208467004166,0.022507639201268314,0.0,1146,0.07581157402839395,0.374502326642675,0.0,0.0,0.0
2025-01-30,Tide Pod Challenge,algorithm_killed,twitter,0.06053776048088461,0.18471841986499093,0.1418580841362193,-0.26083293583425116,0.06530811923851615,0.0,1747,0.07632221771468489,0.3729502550079431,0.03753762654134605,0.0,0.0
2025-01-31,Tide Pod Challenge,algorithm_killed,twitter,0.16764492989911758,0.16370084031306234,0.17674987995796726,0.07779656105950347,0.04928555816801608,0.04765274703181346,2482,0.08117997250779888,0.42210841274647354,0.06009912585139581,0.0,0.0
2025-02-01,Tide Pod Challenge,algorithm_killed,twitter,0.05606586483567471,0.006716515877486673,0.1399801099423547,-0.04561876681074223,0.1414181300534026,0.07877074426838201,3415,0.09451218373164957,0.37906039289683136,0.09158551707139279,0.0,0.0
2025-02-02,Tide Pod Challenge,algorithm_killed,twitter,0.13250591343732965,0.08212872763406631,0.2883118041113659,-0.09764252629871162,0.2104604692370001,0.12741362042482013,4493,0.09569824730926102,0.4999798270887059,0.1326862640777679,0.0,0.0
2025-02-03,Tide Pod Challenge,algorithm_killed,twitter,0.3418307381489736,0.2644383263248332,0.33218540458163753,-0.036263611227911316,0.3780876832447682,0.21217766770809152,5783,0.09068912375821142,0.43151194244931185,0.18246814924629196,0.0,0.0
2025-02-04,Tide Pod Challenge,algorithm_killed,twitter,0.37165417453483,0.12720483023670168,0.4181807023819939,0.37607764628527585,0.34861006827008983,0.2541001443037215,7330,0.11498857096236702,0.5489271802627582,0.23768210196052342,0.0,0.0
2025-02-05,Tide Pod Challenge,algorithm_killed,twitter,0.4965644426035889,0.1941988488236311,0.5507244851233274,0.343784491331735,0.6001097396714142,0.29338664542787857,8868,0.12339719014205525,0.5828722817258591,0.2924054017184361,0.0,0.0
2025-02-06,Tide Pod Challenge,algorithm_killed,twitter,0.5965035474181916,0.1974240948722062,0.6987611528452959,0.5028278645381702,0.7141634993415481,0.38059127496684003,10508,0.1438363402810621,0.6008714274141908,0.3383150372936261,0.0,0.0
2025-02-07,Tide Pod Challenge,algorithm_killed,twitter,0.6287187258124693,0.268728297898501,0.791856018604912,0.8533468165273759,0.8412533943812729,0.5588516083592132,11933,0.14774524346015766,0.6049107798243579,0.36577958084993567,0.0,0.0
2025-02-08,Tide Pod Challenge,algorithm_killed,twitter,0.8347510968852531,0.24813294818336454,0.9829703634784552,1.0,1.0,0.5814591835836432,13240,0.15443330648200046,0.6429363683750142,0.3657192132307916,0.0,0.0
2025-02-09,Tide Pod Challenge,algorithm_killed,twitter,0.9216636731794049,0.33844627171233876,0.9216029809165746,1.0,0.8701269340417342,0.646655422261233,14318,0.17675283643215936,0.6294568849970883,0.33187619707526617,0.0,0.0
2025-02-10,Tide Pod Challenge,algorithm_killed,twitter,1.0,0.4229775265808301,1.0,1.0,0.7973924068011482,0.6947844893806784,14851,0.1882847033557784,0.6062893526467074,0.2628790892913786,0.0,0.0
2025-02-11,Tide Pod Challenge,algorithm_killed,twitter,1.0,0.4271145086817048,1.0,1.0,0.8751974094839142,0.7338903273891605,14980,0.15246399588512552,0.5104588781840154,0.16060068350811507,0.0,0.0
2025-02-12,Tide Pod Challenge,algorithm_killed,twitter,0.810279621688896,0.43260337964689477,0.8160947176717518,1.0,0.9025296750436689,0.7497092793051789,13154,0.1563975983471334,0.5015266371252445,-0.10394210265339032,0.042105263157894736,0.00929445661439945
2025-02-13,Tide Pod Challenge,algorithm_killed,twitter,0.024472226161224325,0.693132584914214,0.0910918320104042,-0.05270404672222859,0.13778464003715418,0.1793521963272829,2512,0.044716712130829235,0.16419631384417738,-0.9081464582511591,0.08421052631578947,0.09725718153903563
2025-02-14,Tide Pod Challenge,algorithm_killed,twitter,0.0,0.5988221844203283,0.19174668842395,-0.36465858083207797,0.008744861353075548,0.2441007942744653,1390,0.04888193485352578,0.23760611799726047,-0.9617892982657342,0.12631578947368421,0.1523825724154959
2025-02-15,Tide Pod Challenge,algorithm_killed,twitter,0.030931441250580075,0.650596988583812,0.15467979136149212,-0.3901909793983248,0.0,0.058027716348808905,684,0.04657522721422748,0.05,-0.811461188448403,0.16842105263157894,0.2080117608677879
2025-02-16,Tide Pod Challenge,algorithm_killed,twitter,0.057007909816341865,0.8056783320423846,0.10258595750726907,-0.3902589509144052,0.8030767128991763,0.032277692090069116,227,0.03693129582294774,0.05,-0.07301071446652475,0.21052631578947367,0.26235629975983243
2025-02-17,Tide Pod Challenge,algorithm_killed,twitter,0.0,0.8846268114640505,0.08448639864298658,-0.41503454810143436,0.6930674431144477,0.11633490376268842,130,0.04164415194887355,0.05,-0.03433133804877337,0.25263157894736843,0.3156066200042887
2025-02-18,Tide Pod Challenge,algorithm_killed,twitter,0.05452182303041947,0.8122466541716572,0.11427913681799176,-0.620828528946652,0.6044918802892699,0.05178470891786975,18,0.03330005750537326,0.12399256566099429,-0.011862089927531998,0.29473684210526313,0.3683908251761406
2025-02-19,Tide Pod Challenge,algorithm_killed,twitter,0.0,0.9739272834709167,0.10573622202758125,-0.22323614315173834,0.5558830823651574,0.0,10,0.027237538940123956,0.08147661645806147,-0.003037395447708008,0.3368421052631579,0.4210489829621353
2025-02-20,Tide Pod Challenge,algorithm_killed,twitter,0.008969039359494462,0.8941508595173524,0.09648828042071722,-0.3662957474519425,0.5506606954904713,0.015514377341233437,45,0.031829210002045416,0.05,-0.0005783544554490981,0.37894736842105264,0.4736838873800668
2025-02-21,Tide Pod Challenge,algorithm_killed,twitter,0.07466798098234935,0.9771191321038817,0.1857755093817143,-0.24647053445281858,0.34748768062275015,0.0,10,0.03945097680108247,0.05,-8.20059180249877e-05,0.42105263157894735,0.5263157684039733
2025-02-22,Tide Pod Challenge,algorithm_killed,twitter,0.019820985461129842,0.9757680339346478,0.04644721984489189,-0.19292020914054842,0.4136504910410425,0.0,14,0.018882404396552737,0.05,-8.663713881892473e-06,0.46315789473684216,0.5789473674072887
2025-02-23,Tide Pod Challenge,algorithm_killed,twitter,0.0,0.9633846755521133,0.09134157690837451,-0.11064604429802477,0.30280605006588457,0.0,10,0.019606977363352544,0.07369398139728406,-6.821405458121175e-07,0.5052631578947369,0.6315789473323636
2025-02-24,Tide Pod Challenge,algorithm_killed,twitter,0.041391508462095584,1.0,0.05854021328249019,-0.19638426734732006,0.2482401896769946,0.013642376328251838,24,0.01,0.05,-4.0031063066689736e-08,0.5473684210526316,0.6842105263148401
2025-02-25,Tide Pod Challenge,algorithm_killed,twitter,0.013566415459619598,0.9838455496570483,0.16371726176610452,-0.2725678346313853,0.317079699955551,0.011302064468942549,10,0.03003830243868453,0.07519423994633294,-1.7510217079482281e-09,0.5894736842105263,0.7368421052631393
2025-02-26,Tide Pod Challenge,algorithm_killed,twitter,0.023248134534167065,0.9939326464407271,0.07728283963364643,-0.3168931605186533,0.16596657293943096,0.020019856461909315,10,0.03142531671632434,0.05,-5.7090571946655666e-11,0.6315789473684211,0.7894736842105261
2025-02-27,Tide Pod Challenge,algorithm_killed,twitter,0.0,1.0,0.16166516918378301,-0.5175949161362329,0.15099744531463324,0.0,10,0.015482590794972525,0.05,-1.3874544727649072e-12,0.6736842105263158,0.8421052631578947
2025-02-28,Tide Pod Challenge,algorithm_killed,twitter,0.1192053062782639,0.9228563731007737,0.15418103454776305,-0.5300217231426895,0.17257177100598153,0.01226393943269517,10,0.040471246842207834,0.08601788419981651,-2.5133665217598047e-14,0.7157894736842105,0.8947368421052632
2025-03-01,Tide Pod Challenge,algorithm_killed,twitter,0.11486782559286526,1.0,0.06187489353693024,-0.21357631710020297,0.03843616877160436,0.0,10,0.013867675144752054,0.05,-3.393721243144991e-16,0.7578947368421053,0.9473684210526315
2025-01-16,#Viral,saturated_death,instagram,0.0,0.19223608210842183,0.13538777719963063,-0.2667383126675558,0.03403122199548199,0.05003741505311219,3225,0.06912418346579614,0.3457717964092843,0.0,0.0,0.0
2025-01-17,#Viral,saturated_death,instagram,0.09237242391609699,0.09180357811265188,0.19377590621642526,-0.21408450470512919,0.14479591537262101,0.06600608457487356,4395,0.0891979126421212,0.363721520250195,0.0,0.0,0.0
2025-01-18,#Viral,saturated_death,instagram,0.12148330762950414,0.11389772403586804,0.19566139036760585,-0.12419686431937793,0.11047065819482269,0.006606693595042824,5851,0.1057239226408093,0.44093876446367225,0.0,0.0,0.0
2025-01-19,#Viral,saturated_death,instagram,0.1574628317646652,0.19210689653115445,0.27646868543423064,-0.02834513507006728,0.2621715082193632,0.017847602252677126,7563,0.06103051731570877,0.41594301194624556,0.09792832973399301,0.0,0.0
2025-01-20,#Viral,saturated_death,instagram,0.15311711947832046,0.1066254422124545,0.28616242604509334,-0.047650056725646026,0.21221042051516553,0.10165729034151313,9639,0.10539289555180409,0.530179256614989,0.13206699370619523,0.0,0.0
2025-01-21,#Viral,saturated_death,instagram,0.30065346141265115,0.1713598100281562,0.3418309461851229,0.17058360419045007,0.4165426194774189,0.08767746745310352,11965,0.08792895770695186,0.5902220145995857,0.17120999710389811,0.0,0.0
2025-01-22,#Viral,saturated_death,instagram,0.3900613702210505,0.23063139812583508,0.4948802407726136,0.24736684239336393,0.309562112675253,0.1807400086793886,14504,0.11051966200580908,0.6638210408872637,0.21303717441707995,0.0,0.0
2025-01-23,#Viral,saturated_death,instagram,0.472014438469723,0.31693859668886865,0.4557332922657556,0.3867027744937943,0.5360954934969161,0.1728512844723855,17300,0.1258824784681893,0.6399430560141715,0.2539185142074954,0.0,0.0
2025-01-24,#Viral,saturated_death,instagram,0.5570734136303311,0.25362653424791426,0.5582537385309763,0.4221227328091254,0.7145670750912123,0.2661979824721154,20022,0.114761774366416,0.6183365593242093,0.2890911972735641,0.0,0.0
2025-01-25,#Viral,saturated_death,instagram,0.6323316738631855,0.30817708671678706,0.7201634007382374,0.7936230236866677,0.7164903971702653,0.31111312144950254,22761,0.14481573642176176,0.6001021629367591,0.31314261157495665,0.0,0.0
2025-01-26,#Viral,saturated_death,instagram,0.6954233641896204,0.3864639530330489,0.7527261983404439,0.8992804640946073,0.935273255581632,0.44042686927988717,25131,0.15457525579658163,0.5819933557313077,0.32077905469937196,0.0,0.0
2025-01-27,#Viral,saturated_death,instagram,0.8063330421158127,0.3695202304190245,0.8922013140048892,0.899291029580918,0.9388336125405147,0.4710392061530084,27262,0.16928127862814124,0.6129571727628185,0.3077737430124352,0.0,0.0
2025-01-28,#Viral,saturated_death,instagram,0.9062925998812642,0.45305884027303084,0.9809232579516135,1.0,0.9004714421498001,0.6226856179229824,28865,0.1522767750745013,0.6691300602206531,0.2719103301885223,0.0,0.0
2025-01-29,#Viral,saturated_death,instagram,0.9992366450678541,0.46989673897191625,0.9884742167619913,1.0,0.8152926018366683,0.6433230081922547,29837,0.1703683883583397,0.6151438851658017,0.21369800600156708,0.0,0.0
2025-01-30,#Viral,saturated_death,instagram,0.9333030457298572,0.6279632193146715,0.9478804572206264,1.0,0.8505330362072374,0.6547688542946635,30231,0.16057296611323635,0.7088852834075031,0.13665316623233437,0.0,0.0
2025-01-31,#Viral,saturated_death,instagram,0.933203006784454,0.7267698831307915,0.9995607402585103,1.0,0.912416734643979,0.6836958313913644,30231,0.14747068606561223,0.5306426399338534,0.0632193501070819,0.03636363636363637,0.0
2025-02-01,#Viral,saturated_death,instagram,0.9182375005571018,0.6550990635447035,0.9521691233427291,1.0,0.9841421776623247,0.7731692847632212,30231,0.16572263289197442,0.652172298170584,0.016193975181839515,0.07272727272727274,0.0
2025-02-02,#Viral,saturated_death,instagram,0.9659609324509202,0.7476861655954425,0.9546686894292143,1.0,0.9357156536161343,0.8407730698723762,30231,0.1558934498113411,0.554544924867267,0.0,0.10909090909090909,0.0
2025-02-03,#Viral,saturated_death,instagram,1.0,0.7968713201115547,0.9832504331412346,1.0,0.8337713404094309,0.7730737435209601,30231,0.15513670057499,0.4745186508099089,0.0,0.14545454545454548,0.0
2025-02-04,#Viral,saturated_death,instagram,0.9574096605726613,0.8302064068673308,1.0,1.0,0.6744110358749855,0.928425674392795,30201,0.15079597201682501,0.5365500587723046,0.0,0.18181818181818182,0.0
2025-02-05,#Viral,saturated_death,instagram,0.9193216531764878,0.8732217534454835,1.0,1.0,0.6308710807757384,0.9198765450272844,30231,0.16259167547804595,0.4888707334134592,0.0,0.21818181818181817,0.0
2025-02-06,#Viral,saturated_death,instagram,0.7935441996623225,0.7914319030152442,0.7257808210674078,0.638927732453098,0.5093022539570554,0.7520798105716567,24142,0.14318936544129374,0.5068229362986264,-0.27385096292630895,0.2545454545454546,0.08713439729473467
2025-02-07,#Viral,saturated_death,instagram,0.5822248815224493,0.9106434395327074,0.682676109842381,0.7874313676949294,0.5227869768893771,0.7565409840528305,22555,0.12637120777162275,0.40074585247541217,-0.34161089909906783,0.29090909090909095,0.12422214512693376
2025-02-08,#Viral,saturated_death,instagram,0.4688110019030006,0.8370652642138536,0.5965287217163602,0.6713674918048258,0.5755972550985822,0.7392681559309804,20887,0.10084395214197306,0.29854039428672974,-0.4107941064639833,0.3272727272727273,0.16805213446253864
2025-02-09,#Viral,saturated_death,instagram,0.5006660909011726,0.9106026003383618,0.4891619348808627,0.5209642953975002,0.5017446944995423,0.6790471062641564,19138,0.0966738460845652,0.38345588461838054,-0.20569891605298896,0.36363636363636365,0.2179772177178627
2025-02-10,#Viral,saturated_death,instagram,0.4085246354566276,0.9226561775090996,0.540810611325627,0.32141613446179446,0.3490532483351343,0.6721173433134822,17338,0.07357927546995947,0.25717891487891165,-0.20463691755484964,0.4,0.27312390832695876
2025-02-11,#Viral,saturated_death,instagram,0.424826070668378,0.9893835231498659,0.354838464684335,0.2702469411637443,0.4554987162163798,0.5393911145507001,15655,0.06759930522202329,0.21707117682642635,-0.19873746557595984,0.43636363636363634,0.3324717665672417
2025-02-12,#Viral,saturated_death,instagram,0.3096048435582915,1.0,0.39760987231134687,0.13321771822011486,0.34367511699870856,0.5822985763365714,13929,0.08100910711051498,0.2760766701647908,-0.18879958586226292,0.4727272727272728,0.3949337746791042
2025-02-13,#Viral,saturated_death,instagram,0.2397678090221067,0.9315395028467292,0.3270903498226953,0.06929429507299376,0.26519385697084924,0.5808348054925667,12322,0.0547243384312993,0.1885819543271044,-0.17571488289288822,0.5090909090909091,0.4594308088025127
2025-02-14,#Viral,saturated_death,instagram,0.18880762360305564,0.9577866365043546,0.2634144279888129,-0.045077598000145075,0.2005660315287073,0.45554131109300106,10792,0.069587283412224,0.23682957169618807,-0.16040212896624773,0.5454545454545454,0.5249547961405846
2025-02-15,#Viral,saturated_death,instagram,0.2126113947511565,0.9670292305224019,0.21415718753524773,0.14600185185296682,0.24950918229798724,0.3887198105371024,9418,0.04375239590541624,0.17021367335898574,-0.14374891209587415,0.5818181818181819,0.5906170014090437
2025-02-16,#Viral,saturated_death,instagram,0.12020265903232306,0.9620940539630748,0.2357172490294675,-0.05686775984554567,0.19793009289488186,0.3898634149491154,8023,0.03337588622797304,0.12144653756179777,-0.12656415671105525,0.6181818181818182,0.6556798434719835
2025-02-17,#Viral,saturated_death,instagram,0.10959689718115485,1.0,0.1782260726623292,-0.15369701058846574,0.19471811640899775,0.3349176142152737,6874,0.0260481160582926,0.06124883140810081,-0.10954374425932663,0.6545454545454547,0.7195724552172417
2025-02-18,#Viral,saturated_death,instagram,0.07451322810944874,0.9807317475159854,0.18550219101940846,-0.16885506164262018,0.14882956019910826,0.30296388403818664,5776,0.040179368943336985,0.1101718468436595,-0.09324988329262632,0.6909090909090909,0.7818916792895985
2025-02-19,#Viral,saturated_death,instagram,0.1010914389502552,1.0,0.21247036447141607,-0.2751464127167771,0.0050269900379228405,0.24610247169171265,4890,0.020010256989020845,0.05,-0.07810349237375615,0.7272727272727273,0.8423912260287427
2025-02-20,#Viral,saturated_death,instagram,0.05390635257674272,1.0,0.18857966138246904,-0.29998061621555583,0.1451691410859607,0.25550915997694634,4017,0.014799270869704237,0.08878533476805768,-0.0643877919003488,0.7636363636363637,0.9009622718401451
2025-01-24,Oh No Sound,seasonal,twitter,0.0,0.1648682941052696,0.11283429611083329,-0.29140898937392234,0.0,0.025756707247367925,65,0.05988856814730209,0.05,0.0,0.0,0.0
2025-01-25,Oh No Sound,seasonal,twitter,0.009322587626372641,0.16063065582289843,0.12383667484159652,-0.20465160746101327,0.011350893536026425,0.09059119497620471,46,0.061946311416983965,0.11909020966114343,0.0,0.0,0.0
2025-01-26,Oh No Sound,seasonal,twitter,0.0023928135698256994,0.12904084045106556,0.18037911792505945,-0.3826439211075101,0.019730220923105272,0.08187304797216499,95,0.07623758261336137,0.0835117053397945,0.0,0.0,0.0
2025-01-27,Oh No Sound,seasonal,twitter,0.007393253739289162,0.061635408627502206,0.06994738071031431,-0.334004962721089,0.014866419477404249,0.0,140,0.0652013183919332,0.14875179028741034,0.00031180886686636955,0.0,0.0
2025-01-28,Oh No Sound,seasonal,twitter,0.009625922747844507,0.11921691774917823,0.08667490036855052,-0.19312617308928942,0.0,0.0,263,0.08487185688464992,0.05,0.0005811481905499832,0.0,0.0
2025-01-29,Oh No Sound,seasonal,twitter,0.0,0.0562016407955567,0.13518768253776575,-0.28070439199145764,0.020693763574328422,0.0,445,0.08207308890799787,0.11605520638325242,0.001053643165874219,0.0,0.0
2025-01-30,Oh No Sound,seasonal,twitter,0.04255970783482772,0.09518828445753014,0.06961984996061196,-0.26510185427623967,0.056480414167993,0.02045046938485552,656,0.077240990986111,0.1510103649304234,0.001858026407371463,0.0,0.0
2025-01-31,Oh No Sound,seasonal,twitter,0.0,0.12104221091168986,0.11653120838332966,-0.3901305826672742,0.04642184649294116,0.0,966,0.04653560046801441,0.1594951524454884,0.0031863783936424686,0.0,0.0
2025-02-01,Oh No Sound,seasonal,twitter,0.012961367009828095,0.15849012683997096,0.11322974885264572,-0.2846783008098804,0.06709666208194316,0.0,1367,0.098828355956974,0.21041123643246712,0.005313198016649055,0.0,0.0
2025-02-02,Oh No Sound,seasonal,twitter,0.017211012015615968,0.11405243318149332,0.07894596953241784,-0.27539721742684403,0.1047367021639229,0.004187147937615956,2006,0.06522137524444882,0.1588665191851724,0.008612765581239107,0.0,0.0
2025-02-03,Oh No Sound,seasonal,twitter,0.0050349792786334654,0.11000796943164624,0.10209170923454505,-0.3467070740667203,0.030629292385376553,0.017115209098518023,2752,0.08302002349201679,0.2855297805153522,0.013569331101620903,0.0,0.0
2025-02-04,Oh No Sound,seasonal,twitter,0.0005636211945984695,0.11462138332241453,0.15800982697501076,-0.2742271744930088,0.05396617617418724,0.06503732157018527,3779,0.07553439430104351,0.2948698564731679,0.02077247091237262,0.0,0.0
2025-02-05,Oh No Sound,seasonal,twitter,0.01151332000617038,0.11746374814576319,0.13584505397880883,-0.3760349502300985,0.07733236768616186,0.03561554919101962,5091,0.06700319005571612,0.4046828163642873,0.0308884592025642,0.0,0.0
2025-02-06,Oh No Sound,seasonal,twitter,0.0886968288104527,0.1624724133386211,0.1999996244340716,-0.26937408045915495,0.07237595649472314,0.09103899294392685,6683,0.07814311807903972,0.23784403647815017,0.044598678470507865,0.0,0.0
2025-02-07,Oh No Sound,seasonal,twitter,0.0796782546857782,0.09109822756366555,0.16198674763743123,-0.12983680161623773,0.20892749865320087,0.10823078119763599,8729,0.07410614564690206,0.34819391500910046,0.06249899518330633,0.0,0.0
2025-02-08,Oh No Sound,seasonal,twitter,0.10433457316949753,0.1931745316597758,0.21681976577658105,-0.02446231942861636,0.14003826706106548,0.12980601287088359,11044,0.08980327883109251,0.33046767191580223,0.08496041800083101,0.0,0.0
2025-02-09,Oh No Sound,seasonal,twitter,0.19575349836512793,0.1511116318841243,0.2073163908609769,-0.06040066475875452,0.22849206701138414,0.22053416416339935,13755,0.0890604380341125,0.35971450621282824,0.11196124534973516,0.0,0.0
2025-02-10,Oh No Sound,seasonal,twitter,0.16278376471582418,0.12180961975731935,0.3169762708776167,0.10432598881345295,0.2750989641617517,0.24362667787213643,16935,0.10577954340480313,0.39822735256644637,0.14291311371512871,0.0,0.0
2025-02-11,Oh No Sound,seasonal,twitter,0.27578809897028533,0.1770202314978822,0.3296085243576444,0.18947651443538457,0.2712873311453937,0.293726029551415,20358,0.10094656475054244,0.497522171629514,0.17651529817634526,0.0,0.0
2025-02-12,Oh No Sound,seasonal,twitter,0.3166498383633748,0.21695783879062322,0.42140270626673587,0.2554857297828908,0.4673724604061912,0.397012301814289,24034,0.12598001538173323,0.5428194473613308,0.2106795599310518,0.0,0.0
2025-02-13,Oh No Sound,seasonal,twitter,0.4698775552232094,0.2080519373671683,0.5371817848033867,0.3961995960404163,0.5888633797948831,0.4309216198484754,27830,0.12301447066122596,0.5399007831934407,0.24256770607324227,0.0,0.0
2025-02-14,Oh No Sound,seasonal,twitter,0.5669928509398796,0.19034714222571789,0.6556111824247063,0.5107610815054501,0.6613814361894317,0.546419550851317,31746,0.1251084399428387,0.5431149957438064,0.26877270505805,0.0,0.0
2025-02-15,Oh No Sound,seasonal,twitter,0.6395773380918929,0.27186577604570117,0.7156787099265186,0.7512158828599057,0.9117448978907375,0.5816188520528949,35433,0.12250310441060205,0.5083485791629113,0.2856509868288179,0.0,0.0
2025-02-16,Oh No Sound,seasonal,twitter,0.739791702801611,0.318109488620576,0.7745737765669437,0.8863101610043496,0.9121012549238404,0.5910758501798298,38875,0.15684940764592228,0.505916841038994,0.28978126761869055,0.0,0.0
2025-02-17,Oh No Sound,seasonal,twitter,0.8417693302449437,0.32496834530100965,0.9129531501450568,0.9626384083763897,0.9003607687106001,0.6520477497832161,41909,0.16792006625763964,0.5300350140991625,0.27849038031279005,0.0,0.0
2025-02-18,Oh No Sound,seasonal,twitter,0.8412486681830221,0.2872117460335174,0.9594025483089579,1.0,0.9131918133836862,0.7929475826430917,44302,0.17477635877980793,0.5759077309228425,0.25035822624318527,0.0,0.0
2025-02-19,Oh No Sound,seasonal,twitter,0.9560211388990865,0.2936462680268622,0.992068407742973,1.0,0.922109197109076,0.7999389593892734,45983,0.19182216591699708,0.6000934712740824,0.20560136467117585,0.0,0.0
2025-02-20,Oh No Sound,seasonal,twitter,0.9640968546946693,0.3992971391418472,1.0,1.0,0.8565153917700524,0.7150955019944574,46808,0.18979274528691922,0.6154699157598593,0.14624441143177358,0.0,0.0
2025-02-21,Oh No Sound,seasonal,twitter,0.9190589826070048,0.3891513447381764,0.9197998095799085,1.0,1.0,0.8465703280493573,46775,0.18240369852444552,0.4399160887514112,0.07602140068876917,0.027586206896551724,0.00011380438042780891
2025-02-22,Oh No Sound,seasonal,twitter,0.9418983990145108,0.4428622627022969,1.0,1.0,1.0,0.8134496858489126,45938,0.1828654974185978,0.5273853372479164,1.1102230246251565e-16,0.05517241379310345,0.0020216434683561126
2025-02-23,Oh No Sound,seasonal,twitter,0.8929887240832435,0.4715874744536467,0.922869729860745,1.0,0.8866088520583503,0.7936723416731509,44313,0.1484993559845535,0.46775359958887935,-0.07602140068876906,0.08275862068965517,0.008205695971156089
2025-02-24,Oh No Sound,seasonal,twitter,0.8044455381933583,0.5265650877721598,0.8657254149282932,1.0,0.8759197681425385,0.8575955098753792,41860,0.15795004895541517,0.3862157657242751,-0.14624441143177336,0.1103448275862069,0.020626860477817907
2025-02-25,Oh No Sound,seasonal,twitter,0.712746756326362,0.5740076844686128,0.7713815513080665,0.9104179149258932,0.6772114962501721,0.7669256980373582,38853,0.13586191211406276,0.5366954378989596,-0.20560136467117562,0.13793103448275865,0.040502619821092975
2025-02-26,Oh No Sound,seasonal,twitter,0.6347911682517361,0.6558774606110896,0.6764788638454378,0.676081949992892,0.6590033787427381,0.7696029525948839,35499,0.10772537889506259,0.4244498893033525,-0.25035822624318504,0.16551724137931034,0.06820964564779873
2025-02-27,Oh No Sound,seasonal,twitter,0.5550231093289529,0.6618096862161285,0.609734980336505,0.5421479984330236,0.6576440845526137,0.6956902273131105,31722,0.10884046498368412,0.42189203010635423,-0.27849038031278994,0.1931034482758621,0.10331882177375133
2025-02-28,Oh No Sound,seasonal,twitter,0.4095004780979294,0.7223250884993688,0.5327927492546669,0.3285205457998329,0.5980197497586688,0.7129701598534779,27901,0.09436037542595312,0.27313491363079095,-0.2897812676186909,0.2206896551724138,0.1447438517464911
2025-03-01,Oh No Sound,seasonal,twitter,0.34339351928709017,0.688643627322753,0.45476509297682866,0.1810604019186691,0.5537517783854207,0.6622088315321383,24044,0.0852965726119005,0.3363018305034956,-0.28565098682881823,0.24827586206896554,0.19096477472891757
2025-03-02,Oh No Sound,seasonal,twitter,0.29605164579046167,0.826887043285392,0.3905531281002923,0.12738413725624803,0.4990218240817961,0.4655890128037229,20327,0.05726045366297539,0.39744554456943937,-0.26877270505805034,0.2758620689655173,0.24027855994311043
2025-03-03,Oh No Sound,seasonal,twitter,0.19445448407550991,0.8058239757097039,0.2859849482472537,0.09202967374757597,0.5476682324589793,0.4813200613599649,16873,0.06037193420683912,0.22887482710749202,-0.24256770607324227,0.30344827586206896,0.2910312363861033
2025-03-04,Oh No Sound,seasonal,twitter,0.1710652186607369,0.900396912167758,0.27219117252500635,-0.023526537541636333,0.4863436228175576,0.41159851810681486,13831,0.04243629767443584,0.25453773363028154,-0.2106795599310518,0.3310344827586207,0.3417974485755437
2025-03-05,Oh No Sound,seasonal,twitter,0.12942908587411928,0.8377827051984136,0.20554771579714443,-0.22143228921226177,0.4788727486023065,0.32281307512741575,11086,0.03798290562093138,0.24711820245566046,-0.17651529817634526,0.35862068965517246,0.39148967538440516
2025-03-06,Oh No Sound,seasonal,twitter,0.11003637114119591,0.8673623739175395,0.1877009175693636,-0.2114040124178533,0.4100911104100503,0.31142040121605685,8705,0.02521780787039199,0.18517757947235142,-0.14291311371512855,0.3862068965517242,0.43939592941971084
2025-03-07,Oh No Sound,seasonal,twitter,0.07313660741044276,0.9422659575405956,0.11504462060120671,-0.21666949219832501,0.2710061136602253,0.2657917425159225,6674,0.03962009530095776,0.20546275805470468,-0.11196124534973505,0.4137931034482759,0.48515779969343054
2025-03-08,Oh No Sound,seasonal,twitter,0.06693164942407802,0.9006886703584868,0.17638980261780682,-0.21802526161124994,0.3856410622582826,0.24489447067215236,5085,0.019722074214800864,0.11433803340869587,-0.0849604180008309,0.4413793103448276,0.5287081600067289
2025-03-09,Oh No Sound,seasonal,twitter,0.040274246696802546,0.8963126319313939,0.12722428818744966,-0.3038390897218557,0.3374824272482773,0.19956147870034116,3789,0.028011454731490137,0.15678439143881934,-0.06249899518330645,0.4689655172413793,0.570189542013656
2025-03-10,Oh No Sound,seasonal,twitter,0.0,0.9397829523029857,0.12555835587628508,-0.30279028058806856,0.43411591317534737,0.1391083332494713,2783,0.03391919758214414,0.1890472171842303,-0.04459867847050794,0.4965517241379311,0.6098712979931216
2025-03-11,Oh No Sound,seasonal,twitter,0.018111731854504924,0.9620225286987891,0.12434021758793089,-0.2553146609971715,0.259118444911864,0.0,1935,0.03950089189168453,0.05802732579451024,-0.030888459202564295,0.5241379310344828,0.6480782063820845
2025-03-12,Oh No Sound,seasonal,twitter,0.0,0.9288113882761383,0.13950376947041584,-0.26725329550137733,0.26834253249186035,0.10726722268139761,1346,0.016235619792127474,0.06188119621576145,-0.020772470912372675,0.5517241379310346,0.6851370679069518
2025-03-13,Oh No Sound,seasonal,twitter,0.031198679527072358,0.9370671448301592,0.07327817601992198,-0.30958096230765814,0.1682393568115982,0.08797379236601852,948,0.01,0.054013115443216665,-0.013569331101620931,0.5793103448275863,0.7213425816747581
2025-03-14,Oh No Sound,seasonal,twitter,0.0,0.9535246417221934,0.11725674174051161,-0.36060092896374163,0.08712094176276715,0.04849528258291698,650,0.01966438003822433,0.0582981880428989,-0.008612765581239122,0.6068965517241379,0.7569401663969653
2025-03-15,Oh No Sound,seasonal,twitter,0.020473205668492155,0.9983492980256817,0.11347919907227859,-0.2251236427947569,0.12655235884397145,0.05049158261398568,470,0.0353735796043477,0.05,-0.005313198016649073,0.6344827586206897,0.7921215437613714
2025-03-16,Oh No Sound,seasonal,twitter,0.0,0.9853341833125858,0.059939664940873834,-0.24950182168570073,0.07090570193866613,0.03480553876159287,293,0.01,0.05,-0.003186378393642472,0.6620689655172414,0.827028524722541
2025-03-17,Oh No Sound,seasonal,twitter,0.0,1.0,0.10934274568411348,-0.24926852521429596,0.05839053800388338,0.01563688878458065,212,0.01,0.06621566590219502,-0.0018580264073714669,0.6896551724137931,0.8617610268994579
2025-03-18,Oh No Sound,seasonal,twitter,0.0,0.9950976884912229,0.11726461611787051,-0.2747056725407567,0.1373704906103883,0.0,118,0.02117261417816827,0.07038902365137997,-0.001053643165874219,0.7172413793103449,0.8963863907185409
2025-03-19,Oh No Sound,seasonal,twitter,0.0,0.9228744469983879,0.13653779372450797,-0.3714543145180135,0.11073027001819075,0.015983242951680098,58,0.042877344292825026,0.05,-0.0005811481905499832,0.7448275862068966,0.9309481593178534
2025-03-20,Oh No Sound,seasonal,twitter,0.0,1.0,0.09071617577290286,-0.3667191918594254,0.05735362616732112,0.005859874622333866,79,0.027386976448890602,0.06768090276058564,-0.00031180886686636955,0.7724137931034484,0.9654734069643673
2025-01-01,#GRWM,influencer_exodus,instagram,0.02291933083943877,0.10618641786469128,0.12330167091814971,-0.3718085010142096,0.012287058154766205,0.01384717613563162,24,0.06794687054600229,0.05,0.0,0.0,0.0
2025-01-02,#GRWM,influencer_exodus,instagram,0.0,0.02905323312929932,0.1641109585182356,-0.5207700430461912,0.09038186414644023,0.07393539946921296,82,0.07931716038341897,0.1654130572760476,0.0,0.0,0.0
2025-01-03,#GRWM,influencer_exodus,instagram,0.03900064604063001,0.1634938822390646,0.22684724707448511,-0.3285214133728894,0.0,0.05354102046111789,176,0.0671023811990998,0.1494175484925393,0.0,0.0,0.0
2025-01-04,#GRWM,influencer_exodus,instagram,0.06317711251844313,0.05880514354310008,0.05044006774771194,-0.6087309993714984,0.0,0.035644669643303456,225,0.07568030612362221,0.25072022907445013,0.005832764065447459,0.0,0.0
2025-01-05,#GRWM,influencer_exodus,instagram,0.0033549019981627057,0.13529994896509806,0.07634774151726594,-0.4013256119991734,0.0,0.0,242,0.07743525035189484,0.1899635789666777,0.00923295409281074,0.0,0.0
2025-01-06,#GRWM,influencer_exodus,instagram,0.0,0.1639824493586908,0.09140069010740516,-0.08417954774495162,0.0,0.04576987258866674,407,0.0773016814597772,0.19344535248449538,0.014232322317180406,0.0,0.0
2025-01-07,#GRWM,influencer_exodus,instagram,0.06992790663791079,0.09800632390472012,0.21962657971030014,-0.09396959128696888,0.03135670232596037,0.04896163081490891,464,0.0738554710495885,0.3119755973434245,0.02135858697842757,0.0,0.0
2025-01-08,#GRWM,influencer_exodus,instagram,0.002041779265641065,0.1525322312552547,0.13695874348354103,-0.3322782136911175,0.15076663048111905,0.04997736055570994,685,0.09276406789697338,0.2538964331527318,0.031196473146899866,0.0,0.0
2025-01-09,#GRWM,influencer_exodus,instagram,0.13727175354384585,0.04264069415442402,0.132251557760012,-0.2844428255064681,0.0,0.0597322666138446,919,0.07641986999190097,0.30639338017556955,0.04433296350280923,0.0,0.0
2025-01-10,#GRWM,influencer_exodus,instagram,0.1540443548879345,0.1277573452048239,0.1824585791361306,-0.28220511032031986,0.017946103764476168,0.06623603037631043,1112,0.08363982208386772,0.27148643094530256,0.06127173853675226,0.0,0.0
2025-01-11,#GRWM,influencer_exodus,instagram,0.10661764030183088,0.13376233524445832,0.2204756998459313,-0.1365918715439706,0.1665484385409477,0.1551053114668598,1409,0.0716141524122478,0.3137744909083303,0.08231785482297024,0.0,0.0
2025-01-12,#GRWM,influencer_exodus,instagram,0.0500019738918837,0.21235064088699457,0.1720857890668131,-0.08532584533192564,0.2317026623260042,0.11347921360663821,1753,0.09212695253820373,0.40880201372710123,0.10744115187158436,0.0,0.0
2025-01-13,#GRWM,influencer_exodus,instagram,0.1758326934808839,0.18990358403748486,0.3507134221306246,0.24285316632174705,0.26466821829498866,0.2917582592604193,2121,0.08958009361955016,0.5496306592999095,0.13613582581599773,0.0,0.0
2025-01-14,#GRWM,influencer_exodus,instagram,0.2738897366076671,0.20204105590469854,0.2774133467148403,0.1349672380368594,0.30235622256480044,0.29387947514654494,2594,0.080358695023185,0.44992878953711046,0.16730224360761517,0.0,0.0
2025-01-15,#GRWM,influencer_exodus,instagram,0.34684662297995894,0.36355582810859466,0.49589214842255164,0.1683555992272,0.47989546330060384,0.2842222378756012,2980,0.10893825256475144,0.4663481467161833,0.19918283761811936,0.0,0.0
2025-01-16,#GRWM,influencer_exodus,instagram,0.49120551814541114,0.4458479498369706,0.5369439309352863,0.277314735782451,0.522603135593564,0.3680028076710983,3482,0.11684671028475133,0.5208370547931344,0.2293840481610228,0.0,0.0
2025-01-17,#GRWM,influencer_exodus,instagram,0.43367561304907826,0.2946602007638288,0.5802578619002238,0.4689469618549742,0.6715676458886646,0.3924092312746843,4011,0.12150242374975863,0.5039031997186432,0.2550086129062279,0.0,0.0
2025-01-18,#GRWM,influencer_exodus,instagram,0.5547205909666614,0.3716651273194912,0.6266559385507998,0.578873994937202,0.7389959841401005,0.5454011636025238,4451,0.1390688551095228,0.5485766908278833,0.2729064219892894,0.0,0.0
2025-01-19,#GRWM,influencer_exodus,instagram,0.7578229381584597,0.338076897526667,0.6815622286831197,1.0,0.8024219098761415,0.6259192047791055,4855,0.13658810040694105,0.510740227559159,0.2800293180689078,0.0,0.0
2025-01-20,#GRWM,influencer_exodus,instagram,0.7167109118380669,0.4161418770713583,0.9305468014869315,1.0,0.8827117991946093,0.6288762672563069,5331,0.1332890602174898,0.6638349149396462,0.27384972387346085,0.0,0.0
2025-01-21,#GRWM,influencer_exodus,instagram,0.8866002302330735,0.4039319321966668,0.8796529566148681,0.8792386015968444,0.8974189281302459,0.7119035248283254,5663,0.1687735542829658,0.5768184039645442,0.25278078166524576,0.0,0.0
2025-01-22,#GRWM,influencer_exodus,instagram,0.9039779889047234,0.46459260720593765,1.0,1.0,0.9112508697390392,0.7374293341962904,5891,0.18399846354273075,0.49440568413607977,0.21652322231425125,0.0,0.0
2025-01-23,#GRWM,influencer_exodus,instagram,0.8903779984428822,0.6411742442417062,0.9638276339160281,1.0,0.8871784038650022,0.8506705979954486,6071,0.15585570261506343,0.5074726717546479,0.16626649703646834,0.0,0.0
2025-01-24,#GRWM,influencer_exodus,instagram,0.9168388902492628,0.5227838233037441,0.9245064900428894,1.0,0.8781194954015313,0.8698834774848763,6076,0.16510910001919124,0.5693267899234502,0.1046906798786037,0.0,0.0
2025-01-25,#GRWM,influencer_exodus,instagram,0.9470962099206159,0.5861436545851405,0.9168075792983663,1.0,0.9292326541049146,0.8614779991985373,6036,0.19207072778350098,0.5289717263846749,0.03388339331404999,0.03333333333333333,0.0005865693146735647
2025-01-26,#GRWM,influencer_exodus,instagram,1.0,0.6431225030287565,0.3547664266858959,1.0,0.9095307023975494,0.9092509856796392,5827,0.1560259121096328,0.5171606302853006,-0.04292053740860757,0.06666666666666667,0.004594390912203464
2025-01-27,#GRWM,influencer_exodus,instagram,0.7917736152261599,0.8643175720559948,0.38775490482938046,0.9614378108150425,0.8850480757951922,0.8334715826319974,5577,0.13283742868547943,0.43607312222297606,-0.11979394354405792,0.1,0.01497424294300724
2025-01-28,#GRWM,influencer_exodus,instagram,0.7709179108528383,0.7049854958427523,0.4086268990203314,0.970241698756968,0.9186317291802218,0.7966454491057233,5203,0.1515418559708645,0.4115414604695749,-0.18887650762796793,0.13333333333333333,0.03382569519668891
2025-01-29,#GRWM,influencer_exodus,instagram,0.6380620936007286,0.7625175785459666,0.24268173653493735,0.677471427293303,0.6898481066899762,0.8150126903793234,4692,0.1066146222996444,0.4136058098468706,-0.24330274325336643,0.16666666666666669,0.06217404879162667
2025-01-30,#GRWM,influencer_exodus,instagram,0.5490969186824274,0.7846520395251825,0.19253411364143136,0.5313308256408044,0.6845173990096002,0.681724286391434,4225,0.1053723053276906,0.37946277005350915,-0.27994881232184954,0.2,0.09993568896647687
2025-01-31,#GRWM,influencer_exodus,instagram,0.5392464526237819,0.7215191304201235,0.09323529275789402,0.4433818752329789,0.5351752292734647,0.6387322470144955,3729,0.09918967240573055,0.3109595079956159,-0.2978251277657381,0.23333333333333336,0.14606062885921256
2025-02-01,#GRWM,influencer_exodus,instagram,0.302387256747316,0.9217264855254872,0.23449452318331043,0.12834151584016784,0.5882817877561052,0.6549115490231352,3183,0.07344032238340988,0.2635599258478214,-0.2979812786324449,0.26666666666666666,0.19880557094408427
2025-02-02,#GRWM,influencer_exodus,instagram,0.30552282584890683,0.8008592598695587,0.08871952205203555,0.0964116947854858,0.579650369627699,0.5496130348705615,2680,0.05944167472681944,0.2160663793982303,-0.2831112921489391,0.30000000000000004,0.2560702680055675
2025-02-03,#GRWM,influencer_exodus,instagram,0.16946971588841542,1.0,0.025789089793630413,0.1717965073670218,0.46451867566068555,0.49999310224813465,2212,0.06265687056558049,0.356190883675176,-0.25696690932023836,0.33333333333333337,0.3157275867775458
2025-02-04,#GRWM,influencer_exodus,instagram,0.12798925241504583,0.8879510268311339,0.17810432526205086,-0.016216088653321418,0.3814911081236355,0.3858515316408526,1799,0.04255818128797337,0.23650289033462601,-0.22370969583620162,0.3666666666666667,0.37589127063970834
2025-02-05,#GRWM,influencer_exodus,instagram,0.10424683385466743,0.9106709894444398,0.15795184005789653,-0.21641195103299654,0.4689667310164693,0.3691144488985615,1459,0.03779209499681725,0.1879905799188525,-0.18732355007542142,0.4,0.435088799045134
2025-02-06,#GRWM,influencer_exodus,instagram,0.0,1.0,0.025887715085596473,-0.46273192499481375,0.43316164378060534,0.22144742656276306,1110,0.028308231135056757,0.1389101467791321,-0.15117499470695084,0.43333333333333335,0.4923323182770746
2025-02-07,#GRWM,influencer_exodus,instagram,0.05641217711396371,1.0,0.06266315183314439,-0.18117626884022564,0.36216685327628384,0.2374907540294046,892,0.03414198640948082,0.11151881997606777,-0.11776233079038907,0.46666666666666673,0.5471017646843255
2025-02-08,#GRWM,influencer_exodus,instagram,0.1586807708867793,1.0,0.066975858684079,-0.364443330785457,0.2730846982182866,0.12160748285679832,668,0.01,0.1919664625489691,-0.0886497526670709,0.5,0.5992670942233368
2025-02-09,#GRWM,influencer_exodus,instagram,0.033454056443412275,0.9561237485243266,0.04084505493648666,-0.47777473770252404,0.36176029466220133,0.18765142889040426,444,0.015121599197606684,0.07921402019399297,-0.06454907538333494,0.5333333333333333,0.6489801855709305
2025-02-10,#GRWM,influencer_exodus,instagram,0.072380480338477,1.0,0.11397279664172351,-0.16135804978142892,0.18051590531795575,0.17697869646952752,345,0.01,0.05,-0.04549466741839858,0.5666666666666668,0.6965632465380466
2025-02-11,#GRWM,influencer_exodus,instagram,0.0,0.9577578642684769,0.0,-0.18536437297664893,0.2379199703211208,0.15544981668550956,226,0.03313142956348636,0.09276919079140855,-0.031056000064491423,0.6000000000000001,0.7424125131163728
2025-02-12,#GRWM,influencer_exodus,instagram,0.04154072355862561,1.0,0.08759203288818503,-0.09662745865634242,0.17292561051182012,0.02951627312594523,163,0.02717459955362768,0.05,-0.020542617594484638,0.6333333333333333,0.7869268759611135
2025-02-13,#GRWM,influencer_exodus,instagram,0.016876407360742533,1.0,0.08997525508824084,-0.390594911592548,0.1653603056889575,0.04839566470766489,151,0.02748158770608594,0.05,-0.013172440936988524,0.6666666666666667,0.8304632065118589
2025-02-14,#GRWM,influencer_exodus,instagram,0.05392403147248657,1.0,0.0,-0.3946199565452094,0.023480023132824795,0.08139670322596845,122,0.01,0.06010613123558594,-0.008190751221406379,0.7000000000000001,0.873314839287832
2025-02-15,#GRWM,influencer_exodus,instagram,0.00014482471908797178,1.0,0.0,-0.21598059896732802,0.15058983657985062,0.012349186168850852,93,0.02290498227759502,0.05,-0.004940289805644365,0.7333333333333334,0.9157070869434809
2025-02-16,#GRWM,influencer_exodus,instagram,0.0,1.0,0.0,-0.5107360784823958,0.06516322530696322,0.0,32,0.02370045757127564,0.05,-0.0028910678156214733,0.7666666666666667,0.9578032941452751
2025-01-30,About Damn Time,competitor_replaced,twitter,0.01705447691266386,0.057601906364257695,0.1110727014341597,-0.12396517316377015,0.07334076170585302,0.04154158357600976,3650,0.08279403756380291,0.29493741983494937,0.0,0.0,0.0
2025-01-31,About Damn Time,competitor_replaced,twitter,0.0,0.19440861369056833,0.17224209318109962,-0.13951400415227144,0.07920206817654137,0.021385929345162414,4294,0.07154865455239882,0.3419734191023826,0.0,0.0,0.0
2025-02-01,About Damn Time,competitor_replaced,twitter,0.04965118685304978,0.1908037930087152,0.18634560455593258,-0.2761427200771923,0.1524832715983725,0.04970658806344307,4998,0.07772081542125304,0.2743444075563262,0.0,0.0,0.0
2025-02-02,About Damn Time,competitor_replaced,twitter,0.0892502052677132,0.15211473288455205,0.14554325621365696,-0.3128601782273054,0.1764301773160572,0.04482417385349549,5829,0.08084904528830601,0.4143103312628063,0.03940184698694785,0.0,0.0
2025-02-03,About Damn Time,competitor_replaced,twitter,0.08873590621287153,0.10679310447114146,0.08595367716672134,-0.00440114450238191,0.051197854515118255,0.11594007586136959,6721,0.07048679153684521,0.512120667237634,0.04713440239392296,0.0,0.0
2025-02-04,About Damn Time,competitor_replaced,twitter,0.1151869164496699,0.15122899051351815,0.16582979218689148,-0.0776193477334158,0.15074552541361697,0.07293766620569922,7773,0.08109361904898432,0.47133098026971354,0.055792881993513,0.0,0.0
2025-02-05,About Damn Time,competitor_replaced,twitter,0.133119062224056,0.07319700218453923,0.17628479120433493,-0.15094671404625282,0.13803323731485662,0.06066760275779087,8872,0.0894036742447227,0.4202739512590093,0.06533928739048231,0.0,0.0
2025-02-06,About Damn Time,competitor_replaced,twitter,0.11677224184014706,0.19000954977817858,0.23451718263399823,0.03928241290968654,0.20960837673854027,0.0975631657565654,10051,0.10548430967177101,0.4750158362672977,0.07569223760539841,0.0,0.0
2025-02-07,About Damn Time,competitor_replaced,twitter,0.3176582264966274,0.22363814557191186,0.26885191944411724,0.012718968928245285,0.3116627688275245,0.038756038031287694,11301,0.09295618363007725,0.5700782028477048,0.08672126047380387,0.0,0.0
2025-02-08,About Damn Time,competitor_replaced,twitter,0.21131458752756635,0.14716194852015815,0.21686989722782452,0.14582358490696096,0.30602738020690157,0.10564150414465237,12723,0.10776646553174415,0.4979989561481984,0.09824269929230117,0.0,0.0
2025-02-09,About Damn Time,competitor_replaced,twitter,0.2591327831765028,0.023363931906341673,0.39216123126709596,-0.014662501603475098,0.40009145784892913,0.12019519539371211,14148,0.12784634557423907,0.5261058615589993,0.11001785353437135,0.0,0.0
2025-02-10,About Damn Time,competitor_replaced,twitter,0.24555783419516952,0.12897902636714015,0.44624638272863165,0.2858564965741949,0.37977598952337416,0.17476320441666754,15612,0.10755787973720635,0.6184040015899349,0.12175392814668484,0.0,0.0
2025-02-11,About Damn Time,competitor_replaced,twitter,0.3514051030142675,0.21635923938872698,0.38379858319885357,0.4170683000227003,0.39447260295733216,0.20060772114888364,17222,0.11361299086987321,0.5881482554629734,0.13310826316605814,0.0,0.0
2025-02-12,About Damn Time,competitor_replaced,twitter,0.49044009920713183,0.22873216744900288,0.4491547560148983,0.38284793961202757,0.42071433980865214,0.23125193062013413,18809,0.1217673137961942,0.5505628377929545,0.14369615255937673,0.0,0.0
2025-02-13,About Damn Time,competitor_replaced,twitter,0.4367468870359613,0.1131160739134253,0.5929553944260866,0.43812632955676223,0.5893672536560429,0.2514773509441576,20457,0.127862950614203,0.6353744867377248,0.1531023426545861,0.0,0.0
2025-02-14,About Damn Time,competitor_replaced,twitter,0.6088069248735695,0.2141446976356727,0.5589000195946964,0.4046096128500012,0.6570352815489134,0.3169681557341143,22120,0.145647601169711,0.6027535371606468,0.1608960372574995,0.0,0.0
2025-02-15,About Damn Time,competitor_replaced,twitter,0.6019796334288928,0.24836768463508377,0.648154955437118,0.5396465054270755,0.727834437621271,0.33828462189625874,23739,0.1448029274474937,0.6218898017246305,0.16664894598768243,0.0,0.0
2025-02-16,About Damn Time,competitor_replaced,twitter,0.6768503371869469,0.282774037111901,0.7153581042304006,0.5972953816155482,0.7302281652309152,0.3605073871869234,25257,0.14745220302703982,0.6811745524967602,0.16995561756021416,0.0,0.0
2025-02-17,About Damn Time,competitor_replaced,twitter,0.6522763328780399,0.25476237150109715,0.7928868846846654,0.792117422040144,0.8644608594747746,0.3701851222429465,26745,0.15465942842692687,0.6823092204373586,0.17045502759893894,0.0,0.0
2025-02-18,About Damn Time,competitor_replaced,twitter,0.7611836581081519,0.4011791760829038,0.8493627310993662,0.64329530968628,0.9669766142906935,0.3709858296191258,28244,0.16795880418943268,0.6452437782470387,0.16785216941882075,0.0,0.0
2025-02-19,About Damn Time,competitor_replaced,twitter,0.7510411358585605,0.34000882342542105,0.8800670886650871,0.9504505195057306,0.8534319796874311,0.35966612873589116,29524,0.14832531316908182,0.7099691480753314,0.1619382528455212,0.0,0.0
2025-02-20,About Damn Time,competitor_replaced,twitter,0.7979765510142611,0.31423542110195535,0.9541287427747591,1.0,0.9549997046255875,0.4742518459492101,30662,0.14825929214115677,0.6945737346214014,0.15260807263649956,0.0,0.0
2025-02-21,About Damn Time,competitor_replaced,twitter,0.7136591153827581,0.39718476732760316,0.924327802809422,0.9792225738008159,0.8700362147790417,0.5055929039072028,31701,0.17392815690284127,0.7262576091332102,0.13987317884899486,0.0,0.0
2025-02-22,About Damn Time,competitor_replaced,twitter,0.9851406498869407,0.3593371893473272,0.9302703465870252,1.0,0.8976464911688465,0.5987159544247529,32592,0.14643948938623705,0.6226782989256993,0.12386967093633194,0.0,0.0
2025-02-23,About Damn Time,competitor_replaced,twitter,0.956150347786358,0.3759297030663846,0.9968148439413091,1.0,0.8999666571736717,0.566721516404622,33304,0.17119939196085987,0.6238302951524546,0.10485973833769868,0.0,0.0
2025-02-24,About Damn Time,competitor_replaced,twitter,0.9130832473920208,0.45297923794163114,0.9507078811784041,1.0,0.8780526319301069,0.6599802243395938,33726,0.1658874242015509,0.608096183686675,0.08322646406971501,0.0,0.0
2025-02-25,About Damn Time,competitor_replaced,twitter,0.9504929159629805,0.4264538113227748,1.0,1.0,0.9131127160640888,0.7647460739669646,33990,0.17909291957755963,0.6012530003724313,0.059461865012551796,0.0,0.0
2025-02-26,About Damn Time,competitor_replaced,twitter,0.9451094385701723,0.5157429757910126,1.0,1.0,0.956274404236261,0.7312432138912235,34088,0.17590820697155019,0.58434191861442,0.03400609066193194,0.0,0.0
2025-02-27,About Damn Time,competitor_replaced,twitter,0.9537181247745876,0.5092212008846255,1.0,1.0,0.9934545366529861,0.7183590692548993,33865,0.16958284311793081,0.6128789716661976,0.0028497928880789614,0.019512195121951223,0.00028004400365906997
2025-02-28,About Damn Time,competitor_replaced,twitter,0.9351901464324518,0.5579142110519558,0.9881058561113198,1.0,0.9383349530316302,0.6861325442232667,33153,0.19759186968979486,0.5650031658478762,-0.03522388272298704,0.039024390243902446,0.0018571334571021367
2025-03-01,About Damn Time,competitor_replaced,twitter,0.8142202784241273,0.5348038901184763,0.9288646898868029,1.0,0.9630153470586097,0.7523731594824128,32233,0.1486423226516882,0.6771358987282766,-0.0785185358900401,0.058536585365853655,0.005768726969510912
2025-03-02,About Damn Time,competitor_replaced,twitter,0.9090536395315102,0.7109427493239842,0.9387901383439956,1.0,0.8415531400009018,0.6669258565997868,30908,0.14944865094266424,0.5895411910488185,-0.12043333687287427,0.07804878048780489,0.012869769855892306
2025-03-03,About Damn Time,competitor_replaced,twitter,0.7483828493873295,0.6582334837748225,0.8455238561723405,0.8867569312247154,0.6867826415136713,0.7757481102546222,29281,0.1322981839042135,0.5679156766358722,-0.1568781090415814,0.0975609756097561,0.023774310355143317
2025-03-04,About Damn Time,competitor_replaced,twitter,0.6723770499505753,0.7117654327997007,0.7901696595773368,0.7563975932226867,0.7347308109348136,0.7974730241992278,27499,0.1431101683794197,0.44688863097107384,-0.18644642757161423,0.11707317073170731,0.03882229699828244
2025-03-05,About Damn Time,competitor_replaced,twitter,0.552751033650174,0.7902286800513304,0.7003001505444029,0.508411457655785,0.6587838840577936,0.721826777099443,25460,0.12004838116981668,0.5295010694440532,-0.20823057101575526,0.13658536585365855,0.05807365815294049
2025-03-06,About Damn Time,competitor_replaced,twitter,0.6244178273516292,0.7171291078429859,0.5442593806360564,0.49504557947706773,0.7295535787167764,0.6507224367051269,23337,0.10103028885132424,0.4332336012161222,-0.22185825960592742,0.15609756097560978,0.08132831307670295
2025-03-07,About Damn Time,competitor_replaced,twitter,0.49113701820955225,0.7179351799736939,0.6179425802621752,0.6770085319870689,0.6070579283998242,0.5699991626858653,21184,0.10703853996276493,0.3550306439996902,-0.22747847512733532,0.175609756097561,0.10816774491561923
2025-03-08,About Damn Time,competitor_replaced,twitter,0.41130273308967824,0.7810275211829686,0.5341000293250364,0.2966296898037484,0.5403036060434124,0.6127844456047918,19037,0.08483143537654991,0.3316635637770321,-0.22570184068577215,0.1951219512195122,0.13801159822546916
2025-03-09,About Damn Time,competitor_replaced,twitter,0.32625916937380617,0.7778183921340656,0.42838649885588775,0.18771377826316565,0.6006883848776119,0.4773558383711052,16866,0.07933095083644458,0.36142444231282983,-0.21750596492998125,0.21463414634146344,0.1701816893641201
2025-03-10,About Damn Time,competitor_replaced,twitter,0.28659824324481264,0.7839755068007639,0.35389525486842455,0.41211486518738866,0.6147357523312977,0.43805545396101675,14777,0.05837426105836173,0.28910353604563055,-0.20411924454905245,0.23414634146341462,0.2039658778042881
2025-03-11,About Damn Time,competitor_replaced,twitter,0.17499105008009422,0.7182426734992391,0.39382256343192135,0.11005915922774492,0.5902507280381037,0.44839095262758366,12792,0.06234271551996433,0.2450269776196466,-0.18689760138345518,0.25365853658536586,0.23867529276591276
2025-03-12,About Damn Time,competitor_replaced,twitter,0.2191445836733868,0.8927765875051377,0.24371362116318313,0.09574252166235828,0.5609310996351872,0.4028019562405925,10989,0.05420308692223233,0.3805968311969342,-0.16720760259924825,0.2731707317073171,0.27369015630884513
2025-03-13,About Damn Time,competitor_replaced,twitter,0.023274818084237286,0.9003655363338899,0.2467813993031858,-0.03524944356877206,0.5492999091976701,0.40269284642415837,9336,0.04463349354193113,0.18440699463012955,-0.14632677832029198,0.2926829268292683,0.3084915344457109
2025-03-14,About Damn Time,competitor_replaced,twitter,0.0,1.0,0.22589799669546623,-0.17075380230675802,0.4477027898611016,0.35153464742244805,7803,0.022943288557046665,0.29708498688911184,-0.12536831430889828,0.31219512195121957,0.34267842669923004
2025-03-15,About Damn Time,competitor_replaced,twitter,0.09877074376860658,0.9027104620859289,0.19233987286175533,-0.192833986600839,0.4793333034598996,0.3063345733758452,6428,0.028292112246530797,0.19476528486471514,-0.10523332917385655,0.33170731707317075,0.37597137855512697
2025-03-16,About Damn Time,competitor_replaced,twitter,0.0,0.9807850089248535,0.10782055937765969,-0.1385049497478315,0.5042782012831527,0.2844330575899011,5336,0.03575122114176384,0.25649906000904793,-0.08659026124569422,0.351219512195122,0.4082050779793042
2025-03-17,About Damn Time,competitor_replaced,twitter,0.15042523950958087,0.9330332612519563,0.18603042179625395,-0.2802743567361517,0.3598796760700146,0.22471850900513762,4337,0.028750141466167996,0.16108082543241298,-0.069877954239396,0.3707317073170732,0.43931309830408016
2025-03-18,About Damn Time,competitor_replaced,twitter,0.04382079399198588,1.0,0.2337205103588918,-0.19432637677318537,0.34945023944361886,0.15509042224352018,3404,0.020597757842835816,0.0914250285921161,-0.055327106568257074,0.3902439024390244,0.4693081013607052
2025-03-19,About Damn Time,competitor_replaced,twitter,0.0020516782506566043,1.0,0.10974114570418635,-0.29501627735503244,0.3505178476552647,0.1854964779605458,2741,0.019055349694267455,0.14832449412182214,-0.042993894037191255,0.40975609756097564,0.49826052044205854
2025-03-20,About Damn Time,competitor_replaced,twitter,0.027869064367681745,0.9511108630889892,0.10439808550024428,-0.20117865256972806,0.303436815754491,0.180375264936843,2187,0.01,0.16709445344607887,-0.032799673713625244,0.4292682926829269,0.5262781492715991
2025-03-21,About Damn Time,competitor_replaced,twitter,0.03244435498119756,0.9551295935398526,0.05174794588347037,-0.25394322201350583,0.362426797614494,0.04852188502212999,1642,0.02219872067672338,0.12436600395307133,-0.024571495462290677,0.4487804878048781,0.5534883262143887
2025-03-22,About Damn Time,competitor_replaced,twitter,0.0,0.9419722322591755,0.10469890105343546,-0.050047522268875905,0.39431151380076424,0.04145275662439366,1253,0.036475429052816755,0.07992361395623722,-0.01807940217719675,0.46829268292682924,0.5800236594800148
2025-03-23,About Damn Time,competitor_replaced,twitter,0.0,0.9308948321238304,0.08909735445482145,-0.33076362769807827,0.318029710799428,0.07870800256465987,952,0.030754589763601167,0.11050255694647296,-0.013067911657906318,0.4878048780487805,0.6060115902607954
2025-03-24,About Damn Time,competitor_replaced,twitter,0.12573038453321214,1.0,0.011615354659214885,-0.2797087942327372,0.27288586993597186,0.0,749,0.02632918615779129,0.06789396193329228,-0.009280413051367876,0.5073170731707317,0.6315675957044077
2025-03-25,About Damn Time,competitor_replaced,twitter,0.0,1.0,0.06308023626181544,-0.3541875514315204,0.15769795900829647,0.02360513474257161,538,0.03644837341062605,0.07002531916393873,-0.006476322046894913,0.526829268292683,0.6567915119215084
2025-03-26,About Damn Time,competitor_replaced,twitter,0.0,1.0,0.040919682644725085,-0.3706252300472741,0.31203431692727734,0.009967242493898954,347,0.01,0.05,-0.00444164199542491,0.5463414634146342,0.6817662975767714
2025-03-27,About Damn Time,competitor_replaced,twitter,0.0,0.9349363574667434,0.060916698816921265,-0.28926546839351014,0.22684276284203136,0.0,325,0.01602552306508627,0.05,-0.0029940606995236024,0.5658536585365853,0.7065585300750294
2025-03-28,About Damn Time,competitor_replaced,twitter,0.03129983119388289,0.997560997778584,0.16776172716802318,-0.2694862793998867,0.2219432248514856,0.0,201,0.042941076728137906,0.05,-0.00198391186645336,0.5853658536585366,0.731219989408566
2025-03-29,About Damn Time,competitor_replaced,twitter,0.06238553875819099,1.0,0.12685565741981175,-0.46972422151336723,0.14342362019020993,0.0,190,0.01,0.12774920482500832,-0.001292311486826839,0.6048780487804879,0.7557898001660645
2025-03-30,About Damn Time,competitor_replaced,twitter,0.0,0.9899661208474946,0.13085658847650677,-0.32868736805813026,0.19647654709058313,0.006225950693856281,97,0.036224976930043805,0.09326650302545472,-0.000827617283639235,0.6243902439024391,0.7802967370039159
2025-03-31,About Damn Time,competitor_replaced,twitter,0.0,1.0,0.0972317033600492,-0.3563440113561962,0.1239512049494301,0.06420556572435943,58,0.016890317285788985,0.08139041051571713,-0.0005211233173318733,0.6439024390243904,0.8047614290682508
2025-04-01,About Damn Time,competitor_replaced,twitter,0.013355053602643543,0.9880615622710978,0.16303652721671602,-0.33759593233420077,0.14433269202642335,0.0,43,0.029094608503993938,0.05453144855010654,-0.000322647423507152,0.6634146341463415,0.8291983098472623
2025-04-02,About Damn Time,competitor_replaced,twitter,0.0,0.9918630801080122,0.12156136906885184,-0.24052995749950742,0.0873783561699096,0.05742221858558135,29,0.016439414528922346,0.0873096847096529,-0.0001964346843471108,0.6829268292682927,0.8536172442432073
2025-04-03,About Damn Time,competitor_replaced,twitter,0.07785648118068508,0.9665675115200894,0.08156264724735329,-0.3841332862280944,0.057032089454254684,0.0,41,0.01,0.05,-0.00011760713224878185,0.702439024390244,0.8780248237825939
2025-04-04,About Damn Time,competitor_replaced,twitter,0.037798806593501745,0.9150299396589543,0.18106143573483896,-0.2651599475308822,0.08985042411836457,0.026997825581765788,35,0.02533701809699247,0.05,-6.924618708394285e-05,0.7219512195121952,0.9024253570600062
2025-04-05,About Damn Time,competitor_replaced,twitter,0.05071705060332585,1.0,0.07739877904507635,-0.28509342027340284,0.0727870461446816,0.01209239870632798,10,0.01,0.05,-4.009813542291588e-05,0.7414634146341464,0.9268216007324247
2025-04-06,About Damn Time,competitor_replaced,twitter,0.0,0.9696172436652941,0.15297715168378856,-0.39975022804018867,0.07016158657272556,0.021940158699334137,13,0.03595065158386947,0.0752050102807268,-2.2836859225539977e-05,0.7609756097560976,0.9512152819639027
2025-04-07,About Damn Time,competitor_replaced,twitter,0.0,0.8703146110667193,0.13295761965104974,-0.4155319176387344,0.13437285389342898,0.0,10,0.03996246341900592,0.05,-1.2792304252594167e-05,0.7804878048780488,0.9756074609022439
